Trauungsdatum;Trauungsort;Bräutigam Name;Bräutigam Vorname;Bräutigam Beruf;Braut Name;Braut Vorname;Bräutigam Vater;Bräutigam Vater Beruf;Bräutigam Mutter;Braut Vater;Braut Vater Beruf;Braut Mutter;Zeugen;Bräutigam Ref;Braut Ref;Bräutigam Vater Ref;Bräutigam Mutter Ref;Braut Vater Ref;Braut Mutter Ref
1792-03-14;Lüneburg, Niedersachsen, Deutschland;Hagedorn;Friedrich;Tagelöhner;Hartmann;Anna Dorothea;;;;;;;"Claus Lange, Häusling zu Lüneburg; Christoph Peters, Schmied zu Lüneburg";@I258@;@I259@;;;;
1794-02-24;Ebstorf, Uelzen, Niedersachsen, Deutschland;Garbers;Jacob;Anbauer;Bruns;Catharine Elisabeth;;;;;;;;@I236@;@I237@;;;;
1795-11-11;Ebstorf, Uelzen, Niedersachsen, Deutschland;Oberlin;Claus;Anbauer;Riebesell;Anna Maria;;;;;;;;@I214@;@I215@;;;;
1797-10-20;Suderburg, Uelzen, Niedersachsen, Deutschland;Kahle;Hans Jürgen;Krüger;Schröder;Anna Maria;;;;;;;"Hinrich Bostelmann, Schäfer zu Suderburg; Claus Kahle, Schäfer zu Suderburg";@I232@;@I233@;;;;
1798-11-07;Amelinghausen, Lüneburg, Niedersachsen, Deutschland;Mohwinkel;Friedrich;Häusling;Dammann;Catharine Elisabeth;;;;;;;;@I244@;@I245@;;;;
1800-08-25;Bad Bevensen, Uelzen, Niedersachsen, Deutschland;Hinrichs;Heinrich Christoph;Müller;Oetzmann;Margarethe;;;;;;;;@I246@;@I247@;;;;
1800-09-22;Ebstorf, Uelzen, Niedersachsen, Deutschland;Burmester;Claus;Krüger;Hartmann;Catharina;;;;;;;"Johann Friedrich Kruse, Krüger zu Ebstorf; Johann Heinrich Dralle, Schmied zu Ebstorf";@I220@;@I221@;;;;
1801-06-25;Ebstorf, Uelzen, Niedersachsen, Deutschland;Müller;Heinrich Christoph;Schmied;Rabe;Magdalena;;;;;;;;@I240@;@I241@;;;;
1801-10-04;Unterlüß, Celle, Niedersachsen, Deutschland;Eggers;Johann Christoph;Leinweber;Oetzmann;Anna Dorothea;;;;;;;;@I198@;@I199@;;;;
1801-12-13;Uelzen, Niedersachsen, Deutschland;Drewes;Friedrich;Tagelöhner;Müller;Magdalena;;;;;;;"Hans Jürgen Müller, Halbhöfner zu Uelzen; Johann Friedrich Hogrefe, Brinksitzer zu Uelzen";@I218@;@I219@;;;;
1802-01-07;Suderburg, Uelzen, Niedersachsen, Deutschland;Garbers;Jürgen;Brinksitzer;Garbers;Ilse;;;;;;;;@I260@;@I261@;;;;
1802-03-04;Dahlenburg, Lüneburg, Niedersachsen, Deutschland;Harms;Hans Jürgen;Schäfer;Lange;Catharina;;;;;;;;@I254@;@I255@;;;;
1803-08-17;Amelinghausen, Lüneburg, Niedersachsen, Deutschland;Pohlmann;Johann;Tagelöhner;Peemöller;Anna Maria;;;;;;;;@I234@;@I235@;;;;
1803-12-23;Celle, Niedersachsen, Deutschland;Wichmann;Jürgen;Krüger;Jürgens;Dorothea;;;;;;;"Johann Heinrich Garbers, Halbhöfner zu Celle; Hinrich Stöver, Häusling zu Celle";@I200@;@I201@;;;;
1804-08-08;Suderburg, Uelzen, Niedersachsen, Deutschland;Harms;Peter;Holzhauer;Meyer;Catharina;;;;;;;;@I222@;@I223@;;;;
1805-10-07;Soltau, Heidekreis, Niedersachsen, Deutschland;Plate;Johann;Krüger;Cordes;Ilse;;;;;;;;@I210@;@I211@;;;;
1806-04-04;Bad Bevensen, Uelzen, Niedersachsen, Deutschland;Wrede;Friedrich;Kötner;Harms;Anna Dorothea;;;;;;;;@I242@;@I243@;;;;
1806-08-11;Wietze, Celle, Niedersachsen, Deutschland;Wulf;Joachim;Kötner;Eggers;Anna Catharina;;;;;;;"Hans Jürgen Wiese, Ackermann zu Wietze; Johann Friedrich Garbers, Halbhöfner zu Wietze";@I224@;@I225@;;;;
1806-10-20;Dahlenburg, Lüneburg, Niedersachsen, Deutschland;Winkelmann;Johann Hinrich;Kötner;Tödter;Ilse;;;;;;;;@I252@;@I253@;;;;
1807-04-14;Eschede, Celle, Niedersachsen, Deutschland;Behnke;Hans Jürgen;Halbhöfner;Harms;Catharine Elisabeth;;;;;;;;@I206@;@I207@;;;;
1807-09-10;Beedenbostel, Celle, Niedersachsen, Deutschland;Oetzmann;Joachim;Häusling;Kröger;Catharina;;;;;;;;@I208@;@I209@;;;;
1810-01-01;Bergen, Celle, Niedersachsen, Deutschland;Ebeling;Johann Hinrich;Schmied;Schnehage;Anna Dorothea;;;;;;;"Johann Heinrich Kruse, Halbhöfner zu Bergen; Johann Friedrich Wolters, Brinksitzer zu Bergen";@I212@;@I213@;;;;
1811-08-23;Amelinghausen, Lüneburg, Niedersachsen, Deutschland;Schulze;Heinrich Christoph;Halbhöfner;Hoops;Magdalena;;;;;;;;@I248@;@I249@;;;;
1811-10-02;Ebstorf, Uelzen, Niedersachsen, Deutschland;Voss;Hinrich;Brinksitzer;Hinrichs;Catharina;;;;;;;;@I228@;@I229@;;;;
1811-11-05;Amelinghausen, Lüneburg, Niedersachsen, Deutschland;Ohlhoff;Friedrich;Vollhöfner;Wulf;Catharine Elisabeth;;;;;;;"Johann Heinrich Peters, Kötner zu Amelinghausen; Hinrich Niebuhr, Brinksitzer zu Amelinghausen";@I250@;@I251@;;;;
1812-02-28;Suderburg, Uelzen, Niedersachsen, Deutschland;Voss;Peter;Vollhöfner;Rabe;Catharine Elisabeth;;;;;;;;@I216@;@I217@;;;;
1813-02-22;Lüneburg, Niedersachsen, Deutschland;Jürgens;Joachim;Salzsieder;Klingebiel;Ilse;;;;;;;;@I238@;@I239@;;;;
1813-10-05;Celle, Niedersachsen, Deutschland;Eggers;Hinrich;Schmied;Kröger;Margarethe;;;;;;;"Christoph Stöver, Häusling zu Celle; Christoph Dralle, Ackermann zu Celle";@I202@;@I203@;;;;
1814-08-15;Ebstorf, Uelzen, Niedersachsen, Deutschland;Riebesell;Christoph;Schmied;Dammann;Margarethe;;;;;;;"Johann Heinrich Schulze, Schäfer zu Ebstorf; Johann Friedrich Söhl, Ackermann zu Ebstorf";@I226@;@I227@;;;;
1815-10-16;Celle, Niedersachsen, Deutschland;Burmester;Jürgen;Halbhöfner;Ebeling;Ilsabe;;;;;;;;@I204@;@I205@;;;;
1819-02-19;Bad Bevensen, Uelzen, Niedersachsen, Deutschland;Wiebe;Heinrich Christoph;Brinksitzer;Dammann;Ilsabe;;;;;;;;@I256@;@I257@;;;;
1821-05-17;Lüneburg, Niedersachsen, Deutschland;Brammer;Christoph;Halbhöfner;Wrede;Anna Dorothea;;;;;;;;@I262@;@I263@;;;;
1823-07-07;Uelzen, Niedersachsen, Deutschland;Meyer;Johann Christoph;Krüger;Ebeling;Anna Maria;;;;;;;;@I230@;@I231@;;;;
1826-04-15;Bad Bevensen, Uelzen, Niedersachsen, Deutschland;Ilgner;Johann;Schmied;Kahle;Anna Catharina;;;;Kahle, Hans Jürgen;Krüger;Schröder, Anna Maria;;@I166@;@I167@;;;@I232@;@I233@
1826-12-05;Celle, Niedersachsen, Deutschland;Rosskamp;Georg;Holzhauer;Wiebe;Sophie Dorothee;;;;;;;;@I146@;@I147@;;;;
1827-11-11;Eschede, Celle, Niedersachsen, Deutschland;Bostelmann;Jürgen Hinrich;Kötner;Falkenrath;Anna Margarethe;;;;Falkenrath, Hans Jürgen;Häusling;;Falkenrath, Johann Heinrich;@I56@;@I55@;;;@I54@;
1828-12-18;Bienenbüttel, Uelzen, Niedersachsen, Deutschland;Mohwinkel;Carl;Schmied;Hinrichs;Friederike;Mohwinkel, Friedrich, weyl.;Häusling;Dammann, Catharine Elisabeth;Hinrichs, Heinrich Christoph;Müller;Oetzmann, Margarethe;Hinrichs, Carl;@I178@;@I179@;@I244@;@I245@;@I246@;@I247@
1829-10-14;Bad Bevensen, Uelzen, Niedersachsen, Deutschland;Pohlmann;August;Salinenarbeiter;Garbers;Anna Margarethe;Pohlmann, Johann;Tagelöhner;Peemöller, Anna Maria;Garbers, Jacob, weyl.;Anbauer;Bruns, Catharine Elisabeth;;@I170@;@I171@;@I234@;@I235@;@I236@;@I237@
1829-11-15;Eschede, Celle, Niedersachsen, Deutschland;Falkenrath;Johann Heinrich;Häusling und Tagelöhner;Eggers;Catharine Sophie;Falkenrath, Hans Jürgen;Häusling;;Eggers, Johann Christoph;Leinweber;Oetzmann, Anna Dorothea;Eggers, Heinrich Wilhelm;@I52@;@I53@;@I54@;;@I198@;@I199@
1831-11-18;Uelzen, Niedersachsen, Deutschland;Drewes;Carl;Anbauer;Burmester;Sophie Dorothee;Drewes, Friedrich;Tagelöhner;Müller, Magdalena;Burmester, Claus;Krüger;Hartmann, Catharina;;@I156@;@I157@;@I218@;@I219@;@I220@;@I221@
1832-01-01;Hankensbüttel, Gifhorn, Niedersachsen, Deutschland;Oberlin;Heinrich Christoph;Schäfer;Tödter;Anna Maria;Oberlin, Claus, weyl.;Anbauer;Riebesell, Anna Maria;;;;"Hinrich Vollmer, Ackermann zu Hankensbüttel; Christoph Behrens, Kötner zu Hankensbüttel";@I152@;@I153@;@I214@;@I215@;;
1832-10-23;Bad Bevensen, Uelzen, Niedersachsen, Deutschland;Hagedorn;Heinrich Christoph;Holzhauer;Garbers;Sophie;Hagedorn, Friedrich;Tagelöhner;Hartmann, Anna Dorothea;Garbers, Jürgen, weyl.;Brinksitzer;Garbers, Ilse;"Hagedorn, Friedrich; Jürgen Peters, Halbhöfner zu Bad Bevensen";@I190@;@I191@;@I258@;@I259@;@I260@;@I261@
1834-02-23;Celle, Niedersachsen, Deutschland;Wichmann;Friedrich;Halbhöfner;Eggers;Marie;Wichmann, Jürgen;Krüger;Jürgens, Dorothea;Eggers, Hinrich;Schmied;Kröger, Margarethe;"Wichmann, Jürgen; Johann Friedrich Bockelmann, Brinksitzer zu Celle";@I142@;@I143@;@I200@;@I201@;@I202@;@I203@
1834-06-04;Bergen, Celle, Niedersachsen, Deutschland;Plate;Friedrich;Anbauer;Ebeling;Dorothee;Plate, Johann;Krüger;Cordes, Ilse;Ebeling, Johann Hinrich;Schmied;Schnehage, Anna Dorothea;"Ebeling, Johann Hinrich; Hinrich Lange, Häusling zu Bergen";@I150@;@I151@;@I210@;@I211@;@I212@;@I213@
1834-06-19;Celle, Niedersachsen, Deutschland;Behnke;Georg;Müller;Wulf;Caroline;Behnke, Hans Jürgen;Halbhöfner;Harms, Catharine Elisabeth;Wulf, Joachim;Kötner;Eggers, Anna Catharina;;@I120@;@I121@;@I206@;@I207@;@I224@;@I225@
1834-11-04;Amelinghausen, Lüneburg, Niedersachsen, Deutschland;Reese;Friedrich;Böttcher;Mohwinkel;Wilhelmine;;;;;;;"Hinrich Kruse, Krüger zu Amelinghausen; Hans Jürgen Thies, Kötner zu Amelinghausen";@I168@;@I169@;;;;
1836-11-12;Lüneburg, Niedersachsen, Deutschland;Marquardt;Ludwig;Böttcher;Stegen;Sophie;;;;;;;"Hinrich Garbers, Kötner zu Lüneburg; Hans Jürgen Wrede, Halbhöfner zu Lüneburg";@I174@;@I175@;;;;
1837-02-05;Amelinghausen, Lüneburg, Niedersachsen, Deutschland;Winkelmann;Johann Heinrich;Holzhauer;Harms;Johanne;Winkelmann, Johann Hinrich;Kötner;Tödter, Ilse;Harms, Hans Jürgen;Schäfer;Lange, Catharina;"Christoph Bostelmann, Schäfer zu Amelinghausen; Jürgen Wolters, Kötner zu Amelinghausen";@I186@;@I187@;@I252@;@I253@;@I254@;@I255@
1837-03-09;Celle, Niedersachsen, Deutschland;Meinecke;Joachim;Müller;Lange;Sophie;;;;;;;;@I140@;@I141@;;;;
1837-05-17;Hankensbüttel, Gifhorn, Niedersachsen, Deutschland;Harms;Christian;Tagelöhner;Jürgens;Wilhelmine;Harms, Peter;Holzhauer;Meyer, Catharina;;;;"Harms, Peter; Hans Jürgen Brammer, Häusling zu Hankensbüttel";@I158@;@I159@;@I222@;@I223@;;
1838-04-24;Bad Bevensen, Uelzen, Niedersachsen, Deutschland;Müller;Carl;Schmied;Wrede;Charlotte;Müller, Heinrich Christoph, weyl.;Schmied;Rabe, Magdalena;Wrede, Friedrich;Kötner;Harms, Anna Dorothea;;@I176@;@I177@;@I240@;@I241@;@I242@;@I243@
1838-10-21;Beedenbostel, Celle, Niedersachsen, Deutschland;Lüders;Friedrich;Sattler;Oetzmann;Henriette;;;;Oetzmann, Joachim;Häusling;Kröger, Catharina;"Oetzmann, Joachim; Hans Jürgen Peters, Ackermann zu Beedenbostel";@I148@;@I149@;;;@I208@;@I209@
1839-02-11;Dahlenburg, Lüneburg, Niedersachsen, Deutschland;Krümmel;Hermann;Halbhöfner;Ohlhoff;Charlotte;;;;Ohlhoff, Friedrich;Vollhöfner;Wulf, Catharine Elisabeth;"Hinrich Cohrs, Halbhöfner zu Dahlenburg; Hinrich Wrede, Brinksitzer zu Dahlenburg";@I182@;@I183@;;;@I250@;@I251@
1839-06-13;Bad Bevensen, Uelzen, Niedersachsen, Deutschland;Riebesell;Ludwig;Tischler;Wiebe;Wilhelmine;;;;Wiebe, Heinrich Christoph, weyl.;Brinksitzer;Dammann, Ilsabe;Wiebe, Carl;@I188@;@I189@;;;@I256@;@I257@
1840-08-26;Suderburg, Uelzen, Niedersachsen, Deutschland;Cordes;Hermann;Leinweber;Voss;Caroline;;;;Voss, Hinrich, weyl.;Brinksitzer;Hinrichs, Catharina;;@I162@;@I163@;;;@I228@;@I229@
1842-06-04;Lüneburg, Niedersachsen, Deutschland;Hartmann;Heinrich Wilhelm;Bahnarbeiter;Jürgens;Sophie;;;;Jürgens, Joachim;Salzsieder;Klingebiel, Ilse;;@I172@;@I173@;;;@I238@;@I239@
1842-06-28;Ebstorf, Uelzen, Niedersachsen, Deutschland;Wulf;Ernst;Schmied;Voss;Catharine;;;;Voss, Peter;Vollhöfner;Rabe, Catharine Elisabeth;"Johann Friedrich Garbers, Schmied zu Ebstorf; Hans Jürgen Thies, Ackermann zu Ebstorf";@I154@;@I155@;;;@I216@;@I217@
1842-12-19;Ebstorf, Uelzen, Niedersachsen, Deutschland;Gerdau;Johann Friedrich;Müller;Riebesell;Marie;;;;Riebesell, Christoph;Schmied;Dammann, Margarethe;"Riebesell, Christoph; Christoph Bockelmann, Schäfer zu Ebstorf";@I160@;@I161@;;;@I226@;@I227@
1843-01-25;Dahlenburg, Lüneburg, Niedersachsen, Deutschland;Schulze;Johann Friedrich;Hofbesitzer;Gaede;Catharine;Schulze, Heinrich Christoph, weyl.;Halbhöfner;Hoops, Magdalena;;;;"Hans Jürgen Peters, Schäfer zu Dahlenburg; Jürgen Wrede, Kötner zu Dahlenburg";@I180@;@I181@;@I248@;@I249@;;
1843-08-10;Bienenbüttel, Uelzen, Niedersachsen, Deutschland;Bruns;Heinrich Wilhelm;Maurer;Klingebiel;Auguste;;;;;;;;@I184@;@I185@;;;;
1843-10-09;Celle, Niedersachsen, Deutschland;Brandes;Georg;Leinweber;Burmester;Wilhelmine;;;;Burmester, Jürgen;Halbhöfner;Ebeling, Ilsabe;"Burmester, Jürgen; Hans Jürgen Peters, Kötner zu Celle";@I144@;@I145@;;;@I204@;@I205@
1845-06-18;Paderborn, Nordrhein-Westfalen, Deutschland;Rüther;Anton;Landwirt;Kleine;Elisabeth;;;;;;;"Jürgen Hogrefe, Krüger zu Paderborn; Johann Friedrich Wiese, Krüger zu Paderborn";@I196@;@I197@;;;;
1846-05-17;Delbrück, Paderborn, Nordrhein-Westfalen, Deutschland;Kleine;Heinrich;Müller;Brinkmann;Maria Anna;;;;;;;"Hans Jürgen Peters, Häusling zu Delbrück; Johann Heinrich Söhl, Kötner zu Delbrück";@I194@;@I195@;;;;
1848-02-28;Lüneburg, Niedersachsen, Deutschland;Brammer;Georg;Salinenarbeiter;Riebesell;Sophie Dorothee;Brammer, Christoph;Halbhöfner;Wrede, Anna Dorothea;;;;;@I192@;@I193@;@I262@;@I263@;;
1848-09-13;Bad Bevensen, Uelzen, Niedersachsen, Deutschland;Schnehage;Ludwig;Krüger;Meyer;Louise;;;;Meyer, Johann Christoph;Krüger;Ebeling, Anna Maria;"Meyer, Johann Christoph; Claus Garbers, Häusling zu Bad Bevensen";@I164@;@I165@;;;@I230@;@I231@
1855-05-20;Eschede, Celle, Niedersachsen, Deutschland;Meyerhof;Ludwig;Hofbesitzer;Falkenrath;Sophie Dorothee;;;;Falkenrath, Johann Heinrich;Häusling und Tagelöhner;Eggers, Catharine Sophie;"Falkenrath, Heinrich; Falkenrath, Friedrich Wilhelm";@I59@;@I58@;;;@I52@;@I53@
1859-06-02;Lüneburg, Niedersachsen, Deutschland;Ilgner;Johann;Salinenarbeiter;Reese;Dorothee;Ilgner, Johann;Schmied;Kahle, Anna Catharina;Reese, Friedrich;Böttcher;Mohwinkel, Wilhelmine;"Heinrich Lange, Anbauer zu Lüneburg; Carl Müller, Gastwirt zu Lüneburg";@I101@;@I102@;@I166@;@I167@;@I168@;@I169@
1862-04-20;Lüneburg, Niedersachsen, Deutschland;Marquardt;Carl;Böttcher;Müller;Louise;Marquardt, Ludwig, weyl.;Böttcher;Stegen, Sophie;Müller, Carl, weyl.;Schmied;Wrede, Charlotte;Marquardt, Heinrich Wilhelm;@I128@;@I129@;@I174@;@I175@;@I176@;@I177@
1862-10-26;Celle, Niedersachsen, Deutschland;Falkenrath;Friedrich Wilhelm;Zimmermann;Meinecke;Johanne;Falkenrath, Johann Heinrich;Häusling und Tagelöhner;Eggers, Catharine Sophie;Meinecke, Joachim, weyl.;Müller;Lange, Sophie;"Falkenrath, Heinrich; Meinecke, Christian";@I48@;@I49@;@I52@;@I53@;@I140@;@I141@
1863-08-16;Celle, Niedersachsen, Deutschland;Rosskamp;Johann Friedrich;Stellmacher;Behnke;Charlotte;Rosskamp, Georg, weyl.;Holzhauer;Wiebe, Sophie Dorothee;Behnke, Georg;Müller;Wulf, Caroline;"Behnke, Johann Heinrich; Rosskamp, Friedrich";@I112@;@I113@;@I146@;@I147@;@I120@;@I121@
1864-11-13;Ebstorf, Uelzen, Niedersachsen, Deutschland;Oberlin;Hermann;Förster;Wulf;Caroline;Oberlin, Heinrich Christoph, weyl.;Schäfer;Tödter, Anna Maria;Wulf, Ernst;Schmied;Voss, Catharine;"Oberlin, Georg; Wulf, Georg";@I116@;@I117@;@I152@;@I153@;@I154@;@I155@
1865-06-22;Lüneburg, Niedersachsen, Deutschland;Pohlmann;Johann Friedrich;Anbauer;Hartmann;Henriette;Pohlmann, August, weyl.;Salinenarbeiter;Garbers, Anna Margarethe;Hartmann, Heinrich Wilhelm;Bahnarbeiter;Jürgens, Sophie;;@I126@;@I127@;@I170@;@I171@;@I172@;@I173@
1866-04-30;Celle, Niedersachsen, Deutschland;Wichmann;Christian;Schuhmacher;Brandes;Luise;Wichmann, Friedrich, weyl.;Halbhöfner;Eggers, Marie;Brandes, Georg;Leinweber;Burmester, Wilhelmine;"Brandes, Georg; Hermann Hogrefe, Stellmacher zu Celle";@I50@;@I51@;@I142@;@I143@;@I144@;@I145@
1866-10-12;Amelinghausen, Lüneburg, Niedersachsen, Deutschland;Winkelmann;Hermann;Müller;Riebesell;Dorothee;Winkelmann, Johann Heinrich;Holzhauer;Harms, Johanne;Riebesell, Ludwig;Tischler;Wiebe, Wilhelmine;;@I134@;@I135@;@I186@;@I187@;@I188@;@I189@
1866-12-04;Uelzen, Niedersachsen, Deutschland;Behnke;Johann Heinrich;Hofbesitzer;Gerdau;Catharine;Behnke, Georg, weyl.;Müller;Wulf, Caroline;Gerdau, Johann Friedrich;Müller;Riebesell, Marie;;@I123@;@I122@;@I120@;@I121@;@I160@;@I161@
1866-12-19;Amelinghausen, Lüneburg, Niedersachsen, Deutschland;Krümmel;Ernst;Müller;Bruns;Caroline;Krümmel, Hermann;Halbhöfner;Ohlhoff, Charlotte;Bruns, Heinrich Wilhelm;Maurer;Klingebiel, Auguste;Krümmel, Georg;@I132@;@I133@;@I182@;@I183@;@I184@;@I185@
1867-06-27;Lüneburg, Niedersachsen, Deutschland;Hagedorn;August;Schmied;Brammer;Caroline;Hagedorn, Heinrich Christoph, weyl.;Holzhauer;Garbers, Sophie;Brammer, Georg;Salinenarbeiter;Riebesell, Sophie Dorothee;"Brammer, Georg; August Kruse, Anbauer zu Lüneburg";@I136@;@I137@;@I190@;@I191@;@I192@;@I193@
1867-10-07;Amelinghausen, Lüneburg, Niedersachsen, Deutschland;Mohwinkel;Georg;Landwirt;Schulze;Catharine;Mohwinkel, Carl;Schmied;Hinrichs, Friederike;Schulze, Johann Friedrich;Hofbesitzer;Gaede, Catharine;;@I130@;@I131@;@I178@;@I179@;@I180@;@I181@
1869-03-12;Hermannsburg, Celle, Niedersachsen, Deutschland;Falkenrath;Johann Friedrich;Anbauer;Eggers;Charlotte;Falkenrath, Johann Heinrich;Häusling und Tagelöhner;Eggers, Catharine Sophie;;;;Falkenrath, Friedrich Wilhelm;@I371@;@I373@;@I52@;@I53@;;
1869-11-25;Uelzen, Niedersachsen, Deutschland;Drewes;Christian;Förster;Harms;Charlotte;Drewes, Carl, weyl.;Anbauer;Burmester, Sophie Dorothee;Harms, Christian;Tagelöhner;Jürgens, Wilhelmine;;@I118@;@I119@;@I156@;@I157@;@I158@;@I159@
1872-01-14;Paderborn, Nordrhein-Westfalen, Deutschland;Kleine;Franz;Schuhmacher;Rüther;Franziska;Kleine, Heinrich;Müller;Brinkmann, Maria Anna;Rüther, Anton;Landwirt;Kleine, Elisabeth;"Kleine, Wilhelm; Kleine, Franz Anton";@I138@;@I139@;@I194@;@I195@;@I196@;@I197@
1872-03-27;Hermannsburg, Celle, Niedersachsen, Deutschland;Lüders;Ernst;Schuhmacher;Plate;Friederike;Lüders, Friedrich;Sattler;Oetzmann, Henriette;Plate, Friedrich;Anbauer;Ebeling, Dorothee;"Lüders, Johann Heinrich; Plate, Hermann";@I114@;@I115@;@I148@;@I149@;@I150@;@I151@
1873-06-22;Ebstorf, Uelzen, Niedersachsen, Deutschland;Cordes;Wilhelm;Maurer;Schnehage;Charlotte;Cordes, Hermann, weyl.;Leinweber;Voss, Caroline;Schnehage, Ludwig, weyl.;Krüger;Meyer, Louise;Schnehage, Johann Heinrich;@I124@;@I125@;@I162@;@I163@;@I164@;@I165@
1887-10-16;Celle, Niedersachsen, Deutschland;Bartels;Hinrich;Sattler;Falkenrath;Louise;;;;Falkenrath, Friedrich Wilhelm;Zimmermann;Meinecke, Johanne;"Falkenrath, Carl; Falkenrath, Ernst";@I63@;@I62@;;;@I48@;@I49@
1890-02-03;Lüneburg, Niedersachsen, Deutschland;Ilgner;Ernst;Salinenarbeiter;Pohlmann;Auguste;Ilgner, Johann;Salinenarbeiter;Reese, Dorothee;Pohlmann, Johann Friedrich;Anbauer;Hartmann, Henriette;"Pohlmann, Ernst; Hermann Lange, Schmied zu Lüneburg";@I46@;@I47@;@I101@;@I102@;@I126@;@I127@
1891-08-22;Milwaukee, Wisconsin, USA;Falkenrath;Ernst;Zimmermann, später Bauunternehmer;Steinbach;Clara;Falkenrath, Friedrich Wilhelm;Zimmermann;Meinecke, Johanne;;;;Falkenrath, Carl;@I65@;@I66@;@I48@;@I49@;;
1891-11-19;Uelzen, Niedersachsen, Deutschland;Oberlin;Johann;Landwirt;Drewes;Wilhelmine;Oberlin, Hermann;Förster;Wulf, Caroline;Drewes, Christian, weyl.;Förster;Harms, Charlotte;"Oberlin, Otto; Carl Ahrens, Gastwirt zu Uelzen";@I44@;@I45@;@I116@;@I117@;@I118@;@I119@
1893-09-02;Eschede, Celle, Niedersachsen, Deutschland;Ohlhoff;Fritz;Anbauer;Falkenrath;Frieda;;;;Falkenrath, Johann Friedrich;Anbauer;Eggers, Charlotte;;@I379@;@I375@;;;@I371@;@I373@
1893-09-14;Celle, Niedersachsen, Deutschland;Falkenrath;Carl;Zimmermann;Wichmann;Dorothea;Falkenrath, Friedrich Wilhelm;Zimmermann;Meinecke, Johanne;Wichmann, Christian;Schuhmacher;Brandes, Luise;"Wichmann, Christian; Christian Wiese, Hofbesitzer zu Celle";@I39@;@I40@;@I48@;@I49@;@I50@;@I51@
1894-09-18;Lüneburg, Niedersachsen, Deutschland;Marquardt;Karl;Sattler;Mohwinkel;Minna;Marquardt, Carl, weyl.;Böttcher;Müller, Louise;Mohwinkel, Georg;Landwirt;Schulze, Catharine;"Mohwinkel, Richard; Mohwinkel, Paul";@I106@;@I107@;@I128@;@I129@;@I130@;@I131@
1896-05-08;Celle, Niedersachsen, Deutschland;Rosskamp;August;Gastwirt;Lüders;Sophie;Rosskamp, Johann Friedrich;Stellmacher;Behnke, Charlotte;Lüders, Ernst;Schuhmacher;Plate, Friederike;"Lüders, Hermann; Rosskamp, August";@I42@;@I43@;@I112@;@I113@;@I114@;@I115@
1900-10-26;Bienenbüttel, Uelzen, Niedersachsen, Deutschland;Krümmel;Gustav;Tischler;Winkelmann;Anna;Krümmel, Ernst;Müller;Bruns, Caroline;Winkelmann, Hermann, weyl.;Müller;Riebesell, Dorothee;"Krümmel, Ernst; Walter Dralle, Landwirt, Bienenbüttel";@I108@;@I109@;@I132@;@I133@;@I134@;@I135@
1901-04-26;Lüneburg, Niedersachsen, Deutschland;Hagedorn;August;Salzsieder;Kleine;Anna Maria;Hagedorn, August;Schmied;Brammer, Caroline;Kleine, Franz;Schuhmacher;Rüther, Franziska;"Hagedorn, Wilhelm; Hermann Bruns, Maurer, Lüneburg";@I110@;@I111@;@I136@;@I137@;@I138@;@I139@
1901-06-26;Uelzen, Niedersachsen, Deutschland;Behnke;Otto;Sattler;Cordes;Martha;Behnke, Johann Heinrich;Hofbesitzer;Gerdau, Catharine;Cordes, Wilhelm, weyl.;Maurer;Schnehage, Charlotte;"Cordes, August; Cordes, Wilhelm";@I104@;@I105@;@I123@;@I122@;@I124@;@I125@
1904-02-10;Beedenbostel, Celle, Niedersachsen, Deutschland;Falkenrath;Otto;Landwirt;Garbers;Anna;Falkenrath, Johann Friedrich;Anbauer;Eggers, Charlotte;;;;;@I378@;@I384@;@I371@;@I373@;;
1918-11-12;Eschede, Celle, Niedersachsen, Deutschland;Wrede;Gustav;Kraftfahrer;Ohlhoff;Elise;;;;Ohlhoff, Fritz, weyl.;Anbauer;Falkenrath, Frieda;;@I389@;@I381@;;;@I379@;@I375@
1919-03-27;Hannover, Niedersachsen, Deutschland;Timmermann;Albert;Postbeamter;Falkenrath;Marie;;;;Falkenrath, Carl;Zimmermann;Wichmann, Dorothea;Falkenrath, Heinrich;@I76@;@I41@;;;@I39@;@I40@
1919-06-14;Milwaukee, Wisconsin, USA;Falkenrath;Walter;Machinist;Lindgren;Ruth;Falkenrath, Ernst;Zimmermann, später Bauunternehmer;Steinbach, Clara;;;;Falkenrath, Ernest;@I67@;@I103@;@I65@;@I66@;;
1921-11-12;Uelzen, Niedersachsen, Deutschland;Oberlin;Heinrich;Hofbesitzer;Lüdemann;Minna;Oberlin, Johann;Landwirt;Drewes, Wilhelmine;;;;Oberlin, Georg;@I98@;@I99@;@I44@;@I45@;;
1922-01-10;Eschede, Celle, Niedersachsen, Deutschland;Stegen;Gerhard;Elektriker;Ohlhoff;Hedwig;;;;Ohlhoff, Fritz, weyl.;Anbauer;Falkenrath, Frieda;Ohlhoff, Heinz;@I393@;@I382@;;;@I379@;@I375@
1922-04-21;Lüneburg, Niedersachsen, Deutschland;Ilgner;Hermann;Eisenbahner;Marquardt;Elise;Ilgner, Ernst;Salinenarbeiter;Pohlmann, Auguste;Marquardt, Karl;Sattler;Mohwinkel, Minna;"Marquardt, Hans; Ernst Brammer, Landwirt, Lüneburg";@I30@;@I31@;@I46@;@I47@;@I106@;@I107@
1924-05-17;Celle, Niedersachsen, Deutschland;Falkenrath;Heinrich;Tischler;Rosskamp;Anna;Falkenrath, Carl;Zimmermann;Wichmann, Dorothea;Rosskamp, August;Gastwirt;Lüders, Sophie;"Rosskamp, Ludwig; Wilhelm Niebuhr, Lokomotivführer, Celle";@I21@;@I22@;@I39@;@I40@;@I42@;@I43@
1925-10-08;Celle, Niedersachsen, Deutschland;Rosskamp;Ludwig;Gastwirt;Reinecke;Else;Rosskamp, August;Gastwirt;Lüders, Sophie;;;;;@I79@;@I80@;@I42@;@I43@;;
1926-07-03;Celle, Niedersachsen, Deutschland;Behrens;Karl;Postschaffner;Falkenrath;Martha;;;;Falkenrath, Carl;Zimmermann;Wichmann, Dorothea;Falkenrath, Heinrich;@I72@;@I71@;;;@I39@;@I40@
1927-09-09;Uelzen, Niedersachsen, Deutschland;Oberlin;Georg;Landwirt;Behnke;Frieda;Oberlin, Johann;Landwirt;Drewes, Wilhelmine;Behnke, Otto;Sattler;Cordes, Martha;"Oberlin, Heinrich; Otto Stöver, Kaufmann, Uelzen";@I28@;@I29@;@I44@;@I45@;@I104@;@I105@
1927-11-25;Eschede, Celle, Niedersachsen, Deutschland;Schulze;Helmut;Elektriker;Falkenrath;Irmgard;;;;Falkenrath, Otto;Landwirt;Garbers, Anna;Falkenrath, Erich;@I401@;@I386@;;;@I378@;@I384@
1928-10-12;Lüneburg, Niedersachsen, Deutschland;Krümmel;Paul;Bäckermeister;Hagedorn;Berta;Krümmel, Gustav, weyl.;Tischler;Winkelmann, Anna;Hagedorn, August;Salzsieder;Kleine, Anna Maria;"Hagedorn, Hans; Krümmel, Heinz";@I32@;@I33@;@I108@;@I109@;@I110@;@I111@
1929-01-27;Hermannsburg, Celle, Niedersachsen, Deutschland;Falkenrath;Erich;Tischler;Hinrichs;Käthe;Falkenrath, Otto;Landwirt;Garbers, Anna;;;;;@I385@;@I398@;@I378@;@I384@;;
1934-06-25;Eschede, Celle, Niedersachsen, Deutschland;Meyer;Werner;Kaufmann;Falkenrath;Anneliese;;;;Falkenrath, Otto;Landwirt;Garbers, Anna;Falkenrath, Erich;@I404@;@I387@;;;@I378@;@I384@
1936-02-02;Eschede, Celle, Niedersachsen, Deutschland;Rathmann;Kurt;Kaufmann;Falkenrath;Ilse;;;;Falkenrath, Otto;Landwirt;Garbers, Anna;Falkenrath, Erich;@I409@;@I388@;;;@I378@;@I384@
1942-12-05;Celle, Niedersachsen, Deutschland;Sandmann;Kurt;Schriftsetzer;Falkenrath;Elfriede;;;;Falkenrath, Heinrich;Tischler;Rosskamp, Anna;;@I24@;@I23@;;;@I21@;@I22@
1943-11-20;Eschede, Celle, Niedersachsen, Deutschland;Oetzmann;Kurt;Landwirt;Wrede;Gertrud;;;;Wrede, Gustav;Kraftfahrer;Ohlhoff, Elise;Wrede, Günter;@I414@;@I390@;;;@I389@;@I381@
1948-06-14;Bienenbüttel, Uelzen, Niedersachsen, Deutschland;Wrede;Günter;Landwirt;Ebeling;Elfriede;Wrede, Gustav;Kraftfahrer;Ohlhoff, Elise;;;;;@I391@;@I419@;@I389@;@I381@;;
1949-03-22;Eschede, Celle, Niedersachsen, Deutschland;Brammer;Herbert;Maschinenschlosser;Falkenrath;Elfriede;;;;Falkenrath, Erich;Tischler;Hinrichs, Käthe;;@I429@;@I399@;;;@I385@;@I398@
1950-10-07;Celle, Niedersachsen, Deutschland;Falkenrath;Wilhelm;Tischlermeister;Thielbar;Gerda;Falkenrath, Heinrich;Tischler;Rosskamp, Anna;;;;Falkenrath, Otto;@I15@;@I17@;@I21@;@I22@;;
1950-12-26;Eschede, Celle, Niedersachsen, Deutschland;Wöhler;Werner;Bahnbeamter;Schulze;Käthe;;;;Schulze, Helmut, weyl.;Elektriker;Falkenrath, Irmgard;;@I437@;@I402@;;;@I401@;@I386@
1951-02-16;Eschede, Celle, Niedersachsen, Deutschland;Wittkopf;Günter;Elektriker;Falkenrath;Erna;;;;Falkenrath, Erich;Tischler;Hinrichs, Käthe;;@I433@;@I400@;;;@I385@;@I398@
1951-04-03;Hamburg, Deutschland;Riebesell;Herbert;Bahnbeamter;Stegen;Erna;;;;Stegen, Gerhard;Elektriker;Ohlhoff, Hedwig;"Stegen, Günter; Stegen, Rudolf";@I427@;@I397@;;;@I393@;@I382@
1952-04-22;Eschede, Celle, Niedersachsen, Deutschland;Stegen;Günter;Maschinenschlosser;Gerdau;Käthe;Stegen, Gerhard;Elektriker;Ohlhoff, Hedwig;;;;Stegen, Rudolf;@I394@;@I422@;@I393@;@I382@;;
1953-06-02;Uelzen, Niedersachsen, Deutschland;Kass;Werner;Landmaschinenhändler;Oberlin;Mathilde;;;;Oberlin, Georg;Landwirt;Behnke, Frieda;;@I36@;@I35@;;;@I28@;@I29@
1954-04-24;Uelzen, Niedersachsen, Deutschland;Falkenrath;Wilhelm;Tischlermeister;Oberlin;Hannelore;Falkenrath, Heinrich;Tischler;Rosskamp, Anna;Oberlin, Georg;Landwirt;Behnke, Frieda;"Falkenrath, Otto; Günter Peters, Kaufmann, Uelzen";@I15@;@I16@;@I21@;@I22@;@I28@;@I29@
1955-04-30;Lüneburg, Niedersachsen, Deutschland;Peters;Horst;Zollbeamter;Ilgner;Irmgard;;;;Ilgner, Hermann;Eisenbahner;Marquardt, Elise;Ilgner, Friedrich;@I83@;@I82@;;;@I30@;@I31@
1956-06-11;Milwaukee, Wisconsin, USA;Falkenrath;Otto;Werkzeugmacher;Keller;Dorothy;Falkenrath, Heinrich;Tischler;Rosskamp, Anna;;;;Falkenrath, Wilhelm;@I25@;@I26@;@I21@;@I22@;;
1956-06-15;Lüneburg, Niedersachsen, Deutschland;Ilgner;Friedrich;Schlosser;Krümmel;Margarete;Ilgner, Hermann;Eisenbahner;Marquardt, Elise;Krümmel, Paul;Bäckermeister;Hagedorn, Berta;"Peters, Horst; Dieter Müller, Landwirt, Lüneburg";@I19@;@I20@;@I30@;@I31@;@I32@;@I33@
1956-09-19;Celle, Niedersachsen, Deutschland;Behrens;Günter;Elektriker;Kruse;Ingrid;Behrens, Karl;Postschaffner;Falkenrath, Martha;;;;;@I74@;@I85@;@I72@;@I71@;;
1957-07-27;Braunschweig, Niedersachsen, Deutschland;Stegen;Rudolf;Tischler;Niebuhr;Hildegard;Stegen, Gerhard;Elektriker;Ohlhoff, Hedwig;;;;Stegen, Günter;@I395@;@I425@;@I393@;@I382@;;
1960-05-07;Lüneburg, Niedersachsen, Deutschland;Bock;Manfred;Konditormeister;Krümmel;Ilse;;;;Krümmel, Paul;Bäckermeister;Hagedorn, Berta;;@I96@;@I95@;;;@I32@;@I33@
1962-02-10;Eschede, Celle, Niedersachsen, Deutschland;Meyer;Herbert;Elektroniker;Hoops;Hildegard;Meyer, Werner;Kaufmann;Falkenrath, Anneliese;;;;Meyer, Erich;@I406@;@I444@;@I404@;@I387@;;
1962-08-09;Eschede, Celle, Niedersachsen, Deutschland;Rathmann;Herbert;Verwaltungsangestellter;Rathmann;Brigitte;Rathmann, Kurt;Kaufmann;Falkenrath, Ilse;;;;Rathmann, Frank;@I410@;@I452@;@I409@;@I388@;;
1965-01-16;Eschede, Celle, Niedersachsen, Deutschland;Meyer;Erich;Ingenieur;Garbers;Hildegard;Meyer, Werner;Kaufmann;Falkenrath, Anneliese;;;;Meyer, Herbert;@I405@;@I440@;@I404@;@I387@;;
1965-02-28;Uelzen, Niedersachsen, Deutschland;Heitmann;Rudolf;Kaufmann;Meyer;Gisela;;;;Meyer, Werner;Kaufmann;Falkenrath, Anneliese;"Meyer, Erich; Meyer, Herbert";@I450@;@I408@;;;@I404@;@I387@
1966-04-22;Lüneburg, Niedersachsen, Deutschland;Mohwinkel;Heinz;Handwerksmeister;Meyer;Elfriede;;;;Meyer, Werner;Kaufmann;Falkenrath, Anneliese;"Meyer, Erich; Meyer, Herbert";@I447@;@I407@;;;@I404@;@I387@
1970-02-08;Braunschweig, Niedersachsen, Deutschland;Soltmann;Kurt;Informatiker;Oetzmann;Renate;;;;Oetzmann, Kurt, weyl.;Landwirt;Wrede, Gertrud;Oetzmann, Wolfgang;@I456@;@I415@;;;@I414@;@I390@
1971-07-01;Hannover, Niedersachsen, Deutschland;Garbers;Klaus;Handwerksmeister;Oetzmann;Petra;;;;Oetzmann, Kurt, weyl.;Landwirt;Wrede, Gertrud;Oetzmann, Wolfgang;@I462@;@I417@;;;@I414@;@I390@
1972-04-06;Lüneburg, Niedersachsen, Deutschland;Oetzmann;Wolfgang;Elektroniker;Meyer;Karin;Oetzmann, Kurt, weyl.;Landwirt;Wrede, Gertrud;;;;;@I416@;@I458@;@I414@;@I390@;;
1972-11-26;Eschede, Celle, Niedersachsen, Deutschland;Rathmann;Frank;Informatiker;Oetzmann;Gisela;Rathmann, Kurt, weyl.;Kaufmann;Falkenrath, Ilse;;;;Rathmann, Herbert;@I412@;@I454@;@I409@;@I388@;;
1974-06-24;Hannover, Niedersachsen, Deutschland;Wrede;Frank;Kaufmann;Brammer;Ursula;;;;Brammer, Herbert, weyl.;Maschinenschlosser;Falkenrath, Elfriede;Brammer, Peter;@I475@;@I431@;;;@I429@;@I399@
1977-11-22;Hamburg, Deutschland;Riebesell;Peter;Landwirt;Hinrichs;Petra;Riebesell, Herbert, weyl.;Bahnbeamter;Stegen, Erna;;;;;@I428@;@I473@;@I427@;@I397@;;
1979-10-16;Lüneburg, Niedersachsen, Deutschland;Wrede;Rainer;Ingenieur;Rabe;Petra;Wrede, Günter;Landwirt;Ebeling, Elfriede;;;;Wrede, Wolfgang;@I421@;@I464@;@I391@;@I419@;;
1981-03-08;Uelzen, Niedersachsen, Deutschland;Wittkopf;Rainer;Informatiker;Lühmann;Ursula;Wittkopf, Günter;Elektriker;Falkenrath, Erna;;;;Wittkopf, Wolfgang;@I434@;@I480@;@I433@;@I400@;;
1982-08-20;Celle, Niedersachsen, Deutschland;Marwede;Rolf;Kfz-Meister;Falkenrath;Ute;;;;Falkenrath, Wilhelm;Tischlermeister;Oberlin, Hannelore;Falkenrath, Bernd;@I11@;@I10@;;;@I15@;@I16@
1982-09-22;Eschede, Celle, Niedersachsen, Deutschland;Schulze;Michael;Landwirt;Stegen;Ursula;;;;Stegen, Günter, weyl.;Maschinenschlosser;Gerdau, Käthe;;@I467@;@I424@;;;@I394@;@I422@
1982-11-04;Braunschweig, Niedersachsen, Deutschland;Stegen;Klaus;Handwerksmeister;Mohwinkel;Helga;Stegen, Rudolf;Tischler;Niebuhr, Hildegard;;;;;@I426@;@I471@;@I395@;@I425@;;
1983-05-12;Celle, Niedersachsen, Deutschland;Falkenrath;Bernd;Lehrer;Ilgner;Karin;Falkenrath, Wilhelm;Tischlermeister;Oberlin, Hannelore;Ilgner, Friedrich;Schlosser;Krümmel, Margarete;"Ilgner, Holger; Horst Garbers, Elektriker, Celle";@I8@;@I9@;@I15@;@I16@;@I19@;@I20@
1983-05-27;Eschede, Celle, Niedersachsen, Deutschland;Wittkopf;Wolfgang;Handwerksmeister;Soltmann;Petra;Wittkopf, Günter;Elektriker;Falkenrath, Erna;;;;Wittkopf, Rainer;@I435@;@I483@;@I433@;@I400@;;
1986-06-21;Milwaukee, Wisconsin, USA;Falkenrath;Robert;Engineer;Miller;Susan;Falkenrath, Otto;Werkzeugmacher;Keller, Dorothy;;;;;@I27@;@I92@;@I25@;@I26@;;
1988-06-15;Lüneburg, Niedersachsen, Deutschland;Ahlers;Dirk;Dachdeckermeister;Ilgner;Renate;;;;Ilgner, Friedrich;Schlosser;Krümmel, Margarete;Ilgner, Holger;@I87@;@I86@;;;@I19@;@I20@
1989-11-15;Hannover, Niedersachsen, Deutschland;Brammer;Peter;Landwirt;Könecke;Ursula;Brammer, Herbert, weyl.;Maschinenschlosser;Falkenrath, Elfriede;;;;;@I432@;@I478@;@I429@;@I399@;;
1994-11-21;Hamburg, Deutschland;Mohwinkel;Frank;Ingenieur;Gaede;Hanna;Mohwinkel, Heinz;Handwerksmeister;Meyer, Elfriede;;;;;@I448@;@I490@;@I447@;@I407@;;
1995-12-01;Lüneburg, Niedersachsen, Deutschland;Schnehage;Thomas;Landwirt;Meyer;Petra;;;;Meyer, Erich;Ingenieur;Garbers, Hildegard;;@I486@;@I442@;;;@I405@;@I440@
2013-08-09;Celle, Niedersachsen, Deutschland;Marwede;Sven;;Neumann;Katja;Marwede, Rolf;Kfz-Meister;Falkenrath, Ute;;;;;@I12@;@I90@;@I11@;@I10@;;
2015-06-18;Hannover, Niedersachsen, Deutschland;Falkenrath;Jonas;Bauingenieur;Sandvoss;Mira;Falkenrath, Bernd;Lehrer;Ilgner, Karin;;;;;@I1@;@I2@;@I8@;@I9@;;
2017-10-03;Bremen, Deutschland;Wolniak;Tomasz;Informatiker;Falkenrath;Lena;;;;Falkenrath, Bernd;Lehrer;Ilgner, Karin;Falkenrath, Jonas;@I6@;@I5@;;;@I8@;@I9@
