Geburtsdatum;Geburtsort;Taufdatum;Taufort;Name;Vorname;Geschlecht;Vater;Vater Beruf;Mutter;Paten;Kind Ref;Vater Ref;Mutter Ref
1763-03-25;Bienenbüttel, Uelzen, Niedersachsen, Deutschland;1763-03-30;Bienenbüttel, Uelzen, Niedersachsen, Deutschland;Hinrichs;Heinrich Christoph;m;;;;"Claus Behrens, Häusling zu Bienenbüttel; Engel Söhl, Dienstmagd zu Bienenbüttel; Hans Jürgen Rabe, Häusling zu Bienenbüttel";@I246@;;
1763-04-17;Bienenbüttel, Uelzen, Niedersachsen, Deutschland;1763-04-21;Bienenbüttel, Uelzen, Niedersachsen, Deutschland;Mohwinkel;Friedrich;m;;;;"Johann Friedrich Niebuhr, Halbhöfner zu Bienenbüttel; Catharina Bruns, Ehefrau des Brinksitzers Hinrich Bruns zu Bienenbüttel; Hinrich Wiese, Halbhöfner zu Bienenbüttel";@I244@;;
1764-07-20;Bad Bevensen, Uelzen, Niedersachsen, Deutschland;1764-07-24;Bad Bevensen, Uelzen, Niedersachsen, Deutschland;Garbers;Jürgen;m;;;;"Johann Friedrich Söhl, Kötner zu Bad Bevensen; Catharina Vollmer, Ehefrau des Schäfers Claus Vollmer zu Bad Bevensen; Hans Jürgen Schulze, Schmied zu Bad Bevensen";@I260@;;
1766-01-09;Suderburg, Uelzen, Niedersachsen, Deutschland;1766-01-17;Suderburg, Uelzen, Niedersachsen, Deutschland;Müller;Heinrich Christoph;m;;;;"Jürgen Heuer, Halbhöfner zu Suderburg; Ilsabe Meyer, Dienstmagd zu Suderburg; Johann Friedrich Kahle, Kötner zu Suderburg";@I240@;;
1766-06-06;Suderburg, Uelzen, Niedersachsen, Deutschland;1766-06-09;Suderburg, Uelzen, Niedersachsen, Deutschland;Oberlin;Claus;m;;;;"Jürgen Heuer, Brinksitzer zu Suderburg; Ilsabe Peters, Jungfer zu Suderburg; Ilsabe Garbers, Ehefrau des Häuslings Hinrich Garbers zu Suderburg";@I214@;;
1767-01-19;Ebstorf, Uelzen, Niedersachsen, Deutschland;1767-01-28;Ebstorf, Uelzen, Niedersachsen, Deutschland;Rabe;Magdalena;w;;;;"Ilsabe Gerdau, Dienstmagd zu Ebstorf; Hinrich Brammer, Ackermann zu Ebstorf; Anna Maria Plate, Ehefrau des Kötners Christoph Plate zu Ebstorf";@I241@;;
1767-05-03;Amelinghausen, Lüneburg, Niedersachsen, Deutschland;1767-05-12;Amelinghausen, Lüneburg, Niedersachsen, Deutschland;Dammann;Catharine Elisabeth;w;;;;"Engel Bostelmann, Ehefrau des Brinksitzers Hinrich Bostelmann zu Amelinghausen; Johann Friedrich Plate, Schmied zu Amelinghausen; Johann Friedrich Brammer, Schmied zu Amelinghausen";@I245@;;
1769-05-19;Suderburg, Uelzen, Niedersachsen, Deutschland;1769-05-26;Suderburg, Uelzen, Niedersachsen, Deutschland;Schröder;Anna Maria;w;;;;"Anna Maria Heuer, Ehefrau des Ackermanns Christoph Heuer zu Suderburg; Jürgen Kruse, Ackermann zu Suderburg; Hinrich Müller, Krüger zu Suderburg";@I233@;;
1770-04-16;Ebstorf, Uelzen, Niedersachsen, Deutschland;1770-04-21;Ebstorf, Uelzen, Niedersachsen, Deutschland;Riebesell;Anna Maria;w;;;;"Ilsabe Bostelmann, Dienstmagd zu Ebstorf; Johann Heinrich Wiese, Krüger zu Ebstorf; Catharina Hogrefe, Dienstmagd zu Ebstorf";@I215@;;
1770-07-05;Bad Bevensen, Uelzen, Niedersachsen, Deutschland;1770-07-12;Bad Bevensen, Uelzen, Niedersachsen, Deutschland;Oetzmann;Margarethe;w;;;;"Anna Maria Müller, Dienstmagd zu Bad Bevensen; Jürgen Thies, Brinksitzer zu Bad Bevensen; Engel Bostelmann, Jungfer zu Bad Bevensen";@I247@;;
1770-08-13;Lüneburg, Niedersachsen, Deutschland;1770-08-21;Lüneburg, Niedersachsen, Deutschland;Hartmann;Anna Dorothea;w;;;;"Anna Maria Behrens, Jungfer zu Lüneburg; Hinrich Bruns, Ackermann zu Lüneburg; Engel Vollmer, Jungfer zu Lüneburg";@I259@;;
1770-11-14;Uelzen, Niedersachsen, Deutschland;1770-11-21;Uelzen, Niedersachsen, Deutschland;Harms;Peter;m;;;;"Christoph Behrens, Kötner zu Uelzen; Margaretha Müller, Dienstmagd zu Uelzen; Ilsabe Niebuhr, Ehefrau des Halbhöfners Jürgen Niebuhr zu Uelzen";@I222@;;
1771-01-15;Suderburg, Uelzen, Niedersachsen, Deutschland;1771-01-18;Suderburg, Uelzen, Niedersachsen, Deutschland;Meyer;Catharina;w;;;;"Engel Thies, Dienstmagd zu Suderburg; Hinrich Wiese, Halbhöfner zu Suderburg; Christoph Niebuhr, Schäfer zu Suderburg";@I223@;;
1771-03-06;Bad Bevensen, Uelzen, Niedersachsen, Deutschland;1771-03-13;Bad Bevensen, Uelzen, Niedersachsen, Deutschland;Voss;Hinrich;m;;;;"Claus Wiese, Kötner zu Bad Bevensen; Anna Dorothea Cohrs, Jungfer zu Bad Bevensen; Anna Maria Dralle, Dienstmagd zu Bad Bevensen";@I228@;;
1771-06-26;Suderburg, Uelzen, Niedersachsen, Deutschland;1771-07-04;Suderburg, Uelzen, Niedersachsen, Deutschland;Kahle;Hans Jürgen;m;;;;"Johann Heinrich Brammer, Ackermann zu Suderburg; Margaretha Gerdau, Ehefrau des Ackermanns Johann Friedrich Gerdau zu Suderburg; Claus Gerdau, Krüger zu Suderburg";@I232@;;
1771-12-11;Uelzen, Niedersachsen, Deutschland;1771-12-17;Uelzen, Niedersachsen, Deutschland;Müller;Magdalena;w;;;;"Anna Maria Plate, Ehefrau des Schmieds Jürgen Plate zu Uelzen; Hans Jürgen Kahle, Schmied zu Uelzen; Jürgen Gerdau, Krüger zu Uelzen";@I219@;;
1771-12-22;Wietze, Celle, Niedersachsen, Deutschland;1771-12-28;Wietze, Celle, Niedersachsen, Deutschland;Wulf;Joachim;m;;;;"Claus Cohrs, Krüger zu Wietze; Anna Dorothea Söhl, Ehefrau des Schäfers Hans Jürgen Söhl zu Wietze; Anna Maria Schulze, Dienstmagd zu Wietze";@I224@;;
1771-12-26;Lüneburg, Niedersachsen, Deutschland;1771-12-29;Lüneburg, Niedersachsen, Deutschland;Hagedorn;Friedrich;m;;;;"Hinrich Schulze, Krüger zu Lüneburg; Engel Garbers, Jungfer zu Lüneburg; Hinrich Plate, Schmied zu Lüneburg";@I258@;;
1772-01-28;Hermannsburg, Celle, Niedersachsen, Deutschland;1772-01-30;Hermannsburg, Celle, Niedersachsen, Deutschland;Plate;Johann;m;;;;"Johann Friedrich Meyer, Häusling zu Hermannsburg; Engel Wolters, Ehefrau des Halbhöfners Jürgen Wolters zu Hermannsburg; Claus Cohrs, Ackermann zu Hermannsburg";@I210@;;
1772-05-02;Uelzen, Niedersachsen, Deutschland;1772-05-05;Uelzen, Niedersachsen, Deutschland;Drewes;Friedrich;m;;;;"Johann Friedrich Müller, Kötner zu Uelzen; Anna Dorothea Bostelmann, Ehefrau des Halbhöfners Johann Friedrich Bostelmann zu Uelzen; Catharina Garbers, Ehefrau des Schäfers Hinrich Garbers zu Uelzen";@I218@;;
1773-05-02;Suderburg, Uelzen, Niedersachsen, Deutschland;1773-05-08;Suderburg, Uelzen, Niedersachsen, Deutschland;Garbers;Ilse;w;;;;"Margaretha Plate, Ehefrau des Brinksitzers Johann Friedrich Plate zu Suderburg; Hans Jürgen Dralle, Häusling zu Suderburg; Christoph Müller, Kötner zu Suderburg";@I261@;;
1774-09-14;Ebstorf, Uelzen, Niedersachsen, Deutschland;1774-09-20;Ebstorf, Uelzen, Niedersachsen, Deutschland;Bruns;Catharine Elisabeth;w;;;;"Anna Maria Plate, Ehefrau des Schäfers Hinrich Plate zu Ebstorf; Claus Plate, Brinksitzer zu Ebstorf; Anna Dorothea Bostelmann, Jungfer zu Ebstorf";@I237@;;
1775-08-14;Celle, Niedersachsen, Deutschland;1775-08-21;Celle, Niedersachsen, Deutschland;Wichmann;Jürgen;m;;;;"Johann Friedrich Kahle, Ackermann zu Celle; Anna Dorothea Thies, Jungfer zu Celle; Johann Heinrich Rabe, Ackermann zu Celle";@I200@;;
1776-01-22;Amelinghausen, Lüneburg, Niedersachsen, Deutschland;1776-01-29;Amelinghausen, Lüneburg, Niedersachsen, Deutschland;Harms;Hans Jürgen;m;;;;"Jürgen Peters, Schmied zu Amelinghausen; Margaretha Kahle, Jungfer zu Amelinghausen; Claus Lange, Häusling zu Amelinghausen";@I254@;;
1776-03-24;Eschede, Celle, Niedersachsen, Deutschland;1776-03-27;Eschede, Celle, Niedersachsen, Deutschland;Eggers;Johann Christoph;m;;;;"Johann Friedrich Wiese, Schäfer zu Eschede; Ilsabe Gerdau, Ehefrau des Schäfers Claus Gerdau zu Eschede; Ilsabe Cohrs, Jungfer zu Eschede";@I198@;;
1776-04-03;Amelinghausen, Lüneburg, Niedersachsen, Deutschland;1776-04-12;Amelinghausen, Lüneburg, Niedersachsen, Deutschland;Peemöller;Anna Maria;w;;;;"Anna Dorothea Behrens, Dienstmagd zu Amelinghausen; Claus Cohrs, Ackermann zu Amelinghausen; Anna Maria Bockelmann, Dienstmagd zu Amelinghausen";@I235@;;
1776-08-02;Dahlenburg, Lüneburg, Niedersachsen, Deutschland;1776-08-09;Dahlenburg, Lüneburg, Niedersachsen, Deutschland;Lange;Catharina;w;;;;"Margaretha Bockelmann, Dienstmagd zu Dahlenburg; Claus Meyer, Ackermann zu Dahlenburg; Catharina Kahle, Ehefrau des Schmieds Christoph Kahle zu Dahlenburg";@I255@;;
1776-12-01;Ebstorf, Uelzen, Niedersachsen, Deutschland;1776-12-07;Ebstorf, Uelzen, Niedersachsen, Deutschland;Burmester;Claus;m;;;;"Jürgen Wrede, Halbhöfner zu Ebstorf; Margaretha Heuer, Ehefrau des Brinksitzers Johann Heinrich Heuer zu Ebstorf; Johann Friedrich Stöver, Halbhöfner zu Ebstorf";@I220@;;
1776-12-14;Unterlüß, Celle, Niedersachsen, Deutschland;1776-12-21;Unterlüß, Celle, Niedersachsen, Deutschland;Oetzmann;Anna Dorothea;w;;;;"Engel Bostelmann, Ehefrau des Häuslings Johann Heinrich Bostelmann zu Unterlüß; Johann Heinrich Vollmer, Schmied zu Unterlüß; Jürgen Cohrs, Schäfer zu Unterlüß";@I199@;;
1778-04-11;Lüneburg, Niedersachsen, Deutschland;1778-04-14;Lüneburg, Niedersachsen, Deutschland;Pohlmann;Johann;m;;;;"Johann Friedrich Meyer, Häusling zu Lüneburg; Catharina Müller, Jungfer zu Lüneburg; Engel Wiese, Ehefrau des Krügers Johann Heinrich Wiese zu Lüneburg";@I234@;;
1779-01-12;Amelinghausen, Lüneburg, Niedersachsen, Deutschland;1779-01-17;Amelinghausen, Lüneburg, Niedersachsen, Deutschland;Schulze;Heinrich Christoph;m;;;;"Jürgen Niebuhr, Halbhöfner zu Amelinghausen; Catharina Kruse, Ehefrau des Schäfers Claus Kruse zu Amelinghausen; Anna Dorothea Schulze, Ehefrau des Schmieds Jürgen Schulze zu Amelinghausen";@I248@;;
1779-05-13;Uelzen, Niedersachsen, Deutschland;1779-05-22;Uelzen, Niedersachsen, Deutschland;Wrede;Friedrich;m;;;;"Hans Jürgen Stöver, Häusling zu Uelzen; Catharina Hogrefe, Ehefrau des Halbhöfners Claus Hogrefe zu Uelzen; Anna Dorothea Ahrens, Ehefrau des Brinksitzers Claus Ahrens zu Uelzen";@I242@;;
1779-07-14;Ebstorf, Uelzen, Niedersachsen, Deutschland;1779-07-21;Ebstorf, Uelzen, Niedersachsen, Deutschland;Riebesell;Christoph;m;;;;"Christoph Rabe, Schäfer zu Ebstorf; Anna Dorothea Ahrens, Ehefrau des Krügers Johann Friedrich Ahrens zu Ebstorf; Johann Heinrich Dralle, Krüger zu Ebstorf";@I226@;;
1779-10-11;Suderburg, Uelzen, Niedersachsen, Deutschland;1779-10-16;Suderburg, Uelzen, Niedersachsen, Deutschland;Hartmann;Catharina;w;;;;"Margaretha Wolters, Dienstmagd zu Suderburg; Claus Plate, Schmied zu Suderburg; Anna Maria Kahle, Ehefrau des Halbhöfners Hans Jürgen Kahle zu Suderburg";@I221@;;
1780-04-15;Winsen (Aller), Celle, Niedersachsen, Deutschland;1780-04-21;Winsen (Aller), Celle, Niedersachsen, Deutschland;Kröger;Margarethe;w;;;;"Margaretha Wolters, Ehefrau des Brinksitzers Jürgen Wolters zu Winsen (Aller); Christoph Lange, Krüger zu Winsen (Aller); Ilsabe Wiese, Jungfer zu Winsen (Aller)";@I203@;;
1780-06-23;Beedenbostel, Celle, Niedersachsen, Deutschland;1780-06-30;Beedenbostel, Celle, Niedersachsen, Deutschland;Burmester;Jürgen;m;;;;"Hinrich Behrens, Häusling zu Beedenbostel; Engel Heuer, Dienstmagd zu Beedenbostel; Claus Plate, Ackermann zu Beedenbostel";@I204@;;
1780-09-18;Dahlenburg, Lüneburg, Niedersachsen, Deutschland;1780-09-25;Dahlenburg, Lüneburg, Niedersachsen, Deutschland;Winkelmann;Johann Hinrich;m;;;;"Claus Bockelmann, Kötner zu Dahlenburg; Ilsabe Heuer, Ehefrau des Häuslings Johann Friedrich Heuer zu Dahlenburg; Hans Jürgen Plate, Krüger zu Dahlenburg";@I252@;;
1782-01-08;Bad Bevensen, Uelzen, Niedersachsen, Deutschland;1782-01-15;Bad Bevensen, Uelzen, Niedersachsen, Deutschland;Tödter;Ilse;w;;;;"Ilsabe Peters, Ehefrau des Ackermanns Claus Peters zu Bad Bevensen; Johann Heinrich Brammer, Häusling zu Bad Bevensen; Margaretha Heuer, Dienstmagd zu Bad Bevensen";@I253@;;
1782-10-28;Ebstorf, Uelzen, Niedersachsen, Deutschland;1782-11-03;Ebstorf, Uelzen, Niedersachsen, Deutschland;Voss;Peter;m;;;;"Hans Jürgen Plate, Schäfer zu Ebstorf; Ilsabe Söhl, Jungfer zu Ebstorf; Johann Heinrich Müller, Ackermann zu Ebstorf";@I216@;;
1783-05-20;Unterlüß, Celle, Niedersachsen, Deutschland;1783-05-29;Unterlüß, Celle, Niedersachsen, Deutschland;Kröger;Catharina;w;;;;"Margaretha Ahrens, Ehefrau des Schäfers Hinrich Ahrens zu Unterlüß; Johann Friedrich Kahle, Halbhöfner zu Unterlüß; Johann Friedrich Gerdau, Häusling zu Unterlüß";@I209@;;
1783-05-21;Wietze, Celle, Niedersachsen, Deutschland;1783-05-30;Wietze, Celle, Niedersachsen, Deutschland;Schnehage;Anna Dorothea;w;;;;"Anna Maria Bruns, Jungfer zu Wietze; Johann Friedrich Peters, Schmied zu Wietze; Christoph Wrede, Halbhöfner zu Wietze";@I213@;;
1784-01-28;Celle, Niedersachsen, Deutschland;1784-02-03;Celle, Niedersachsen, Deutschland;Behnke;Hans Jürgen;m;;;;"Johann Friedrich Peters, Schmied zu Celle; Engel Heuer, Ehefrau des Kötners Jürgen Heuer zu Celle; Claus Bostelmann, Häusling zu Celle";@I206@;;
1784-03-15;Bad Bevensen, Uelzen, Niedersachsen, Deutschland;1784-03-18;Bad Bevensen, Uelzen, Niedersachsen, Deutschland;Harms;Anna Dorothea;w;;;;"Anna Dorothea Bruns, Ehefrau des Häuslings Hans Jürgen Bruns zu Bad Bevensen; Claus Hogrefe, Halbhöfner zu Bad Bevensen; Johann Friedrich Wiese, Krüger zu Bad Bevensen";@I243@;;
1784-09-17;Eschede, Celle, Niedersachsen, Deutschland;1784-09-25;Eschede, Celle, Niedersachsen, Deutschland;Harms;Catharine Elisabeth;w;;;;"Ilsabe Vollmer, Dienstmagd zu Eschede; Christoph Meyer, Häusling zu Eschede; Hinrich Gerdau, Schäfer zu Eschede";@I207@;;
1785-01-16;Beedenbostel, Celle, Niedersachsen, Deutschland;1785-01-22;Beedenbostel, Celle, Niedersachsen, Deutschland;Oetzmann;Joachim;m;;;;"Christoph Brammer, Brinksitzer zu Beedenbostel; Margaretha Plate, Jungfer zu Beedenbostel; Hans Jürgen Wiese, Schmied zu Beedenbostel";@I208@;;
1785-03-24;Celle, Niedersachsen, Deutschland;1785-03-29;Celle, Niedersachsen, Deutschland;Ebeling;Ilsabe;w;;;;"Engel Gerdau, Jungfer zu Celle; Jürgen Söhl, Schmied zu Celle; Hinrich Vollmer, Krüger zu Celle";@I205@;;
1785-10-14;Celle, Niedersachsen, Deutschland;1785-10-16;Celle, Niedersachsen, Deutschland;Jürgens;Dorothea;w;;;;"Engel Hogrefe, Jungfer zu Celle; Christoph Müller, Ackermann zu Celle; Anna Maria Behrens, Jungfer zu Celle";@I201@;;
1786-03-09;Amelinghausen, Lüneburg, Niedersachsen, Deutschland;1786-03-18;Amelinghausen, Lüneburg, Niedersachsen, Deutschland;Hoops;Magdalena;w;;;;"Anna Maria Lange, Ehefrau des Halbhöfners Hans Jürgen Lange zu Amelinghausen; Johann Friedrich Meyer, Schäfer zu Amelinghausen; Johann Heinrich Wolters, Krüger zu Amelinghausen";@I249@;;
1786-10-08;Amelinghausen, Lüneburg, Niedersachsen, Deutschland;1786-10-16;Amelinghausen, Lüneburg, Niedersachsen, Deutschland;Wulf;Catharine Elisabeth;w;;;;"Anna Maria Brammer, Dienstmagd zu Amelinghausen; Christoph Hogrefe, Brinksitzer zu Amelinghausen; Margaretha Müller, Ehefrau des Schmieds Christoph Müller zu Amelinghausen";@I251@;;
1787-02-25;Celle, Niedersachsen, Deutschland;1787-02-27;Celle, Niedersachsen, Deutschland;Eggers;Hinrich;m;;;;"Johann Friedrich Cohrs, Kötner zu Celle; Engel Peters, Dienstmagd zu Celle; Catharina Heuer, Ehefrau des Krügers Christoph Heuer zu Celle";@I202@;;
1787-05-26;Bad Bevensen, Uelzen, Niedersachsen, Deutschland;1787-06-02;Bad Bevensen, Uelzen, Niedersachsen, Deutschland;Wiebe;Heinrich Christoph;m;;;;"Christoph Bruns, Schäfer zu Bad Bevensen; Engel Brammer, Ehefrau des Häuslings Johann Friedrich Brammer zu Bad Bevensen; Hinrich Garbers, Häusling zu Bad Bevensen";@I256@;;
1787-06-13;Soltau, Heidekreis, Niedersachsen, Deutschland;1787-06-19;Soltau, Heidekreis, Niedersachsen, Deutschland;Cordes;Ilse;w;;;;"Catharina Rabe, Ehefrau des Ackermanns Hinrich Rabe zu Soltau; Claus Brammer, Schäfer zu Soltau; Hans Jürgen Wolters, Häusling zu Soltau";@I211@;;
1787-07-02;Winsen (Aller), Celle, Niedersachsen, Deutschland;1787-07-10;Winsen (Aller), Celle, Niedersachsen, Deutschland;Ebeling;Johann Hinrich;m;;;;"Hinrich Stöver, Krüger zu Winsen (Aller); Catharina Meyer, Dienstmagd zu Winsen (Aller); Hinrich Wrede, Häusling zu Winsen (Aller)";@I212@;;
1787-07-05;Uelzen, Niedersachsen, Deutschland;1787-07-14;Uelzen, Niedersachsen, Deutschland;Dammann;Ilsabe;w;;;;"Anna Maria Stöver, Dienstmagd zu Uelzen; Christoph Dralle, Schäfer zu Uelzen; Hans Jürgen Thies, Schmied zu Uelzen";@I257@;;
1787-12-15;Bad Bevensen, Uelzen, Niedersachsen, Deutschland;1787-12-18;Bad Bevensen, Uelzen, Niedersachsen, Deutschland;Wrede;Anna Dorothea;w;;;;"Ilsabe Kruse, Dienstmagd zu Bad Bevensen; Jürgen Wiese, Halbhöfner zu Bad Bevensen; Johann Heinrich Stöver, Brinksitzer zu Bad Bevensen";@I263@;;
1787-12-16;Beedenbostel, Celle, Niedersachsen, Deutschland;1787-12-18;Beedenbostel, Celle, Niedersachsen, Deutschland;Eggers;Anna Catharina;w;;;;"Ilsabe Bockelmann, Ehefrau des Schäfers Claus Bockelmann zu Beedenbostel; Hinrich Stöver, Brinksitzer zu Beedenbostel; Hans Jürgen Gerdau, Halbhöfner zu Beedenbostel";@I225@;;
1789-02-19;Lüneburg, Niedersachsen, Deutschland;1789-02-28;Lüneburg, Niedersachsen, Deutschland;Jürgens;Joachim;m;;;;"Hinrich Gerdau, Schäfer zu Lüneburg; Engel Wiese, Ehefrau des Schäfers Johann Friedrich Wiese zu Lüneburg; Hinrich Rabe, Schmied zu Lüneburg";@I238@;;
1789-04-28;Ebstorf, Uelzen, Niedersachsen, Deutschland;1789-04-30;Ebstorf, Uelzen, Niedersachsen, Deutschland;Hinrichs;Catharina;w;;;;"Anna Maria Ahrens, Ehefrau des Schmieds Jürgen Ahrens zu Ebstorf; Claus Vollmer, Krüger zu Ebstorf; Johann Friedrich Niebuhr, Schäfer zu Ebstorf";@I229@;;
1789-08-08;Dahlenburg, Lüneburg, Niedersachsen, Deutschland;1789-08-13;Dahlenburg, Lüneburg, Niedersachsen, Deutschland;Ohlhoff;Friedrich;m;;;;"Hinrich Rabe, Brinksitzer zu Dahlenburg; Engel Cohrs, Ehefrau des Häuslings Jürgen Cohrs zu Dahlenburg; Anna Dorothea Wolters, Jungfer zu Dahlenburg";@I250@;;
1789-08-22;Bad Bevensen, Uelzen, Niedersachsen, Deutschland;1789-08-26;Bad Bevensen, Uelzen, Niedersachsen, Deutschland;Meyer;Johann Christoph;m;;;;"Christoph Bostelmann, Krüger zu Bad Bevensen; Engel Peters, Jungfer zu Bad Bevensen; Catharina Müller, Ehefrau des Halbhöfners Johann Friedrich Müller zu Bad Bevensen";@I230@;;
1790-01-11;Suderburg, Uelzen, Niedersachsen, Deutschland;1790-01-18;Suderburg, Uelzen, Niedersachsen, Deutschland;Rabe;Catharine Elisabeth;w;;;;"Anna Maria Meyer, Ehefrau des Ackermanns Jürgen Meyer zu Suderburg; Johann Friedrich Hogrefe, Schmied zu Suderburg; Johann Heinrich Thies, Krüger zu Suderburg";@I217@;;
1790-11-11;Bad Bevensen, Uelzen, Niedersachsen, Deutschland;1790-11-18;Bad Bevensen, Uelzen, Niedersachsen, Deutschland;Brammer;Christoph;m;;;;"Johann Heinrich Kahle, Krüger zu Bad Bevensen; Anna Maria Müller, Dienstmagd zu Bad Bevensen; Margaretha Bruns, Dienstmagd zu Bad Bevensen";@I262@;;
1795-07-19;Lüneburg, Niedersachsen, Deutschland;1795-07-25;Lüneburg, Niedersachsen, Deutschland;Klingebiel;Ilse;w;;;;"Margaretha Bruns, Ehefrau des Brinksitzers Christoph Bruns zu Lüneburg; Christoph Dralle, Halbhöfner zu Lüneburg; Johann Friedrich Müller, Brinksitzer zu Lüneburg";@I239@;;
1795-11-17;Uelzen, Niedersachsen, Deutschland;1795-11-19;Uelzen, Niedersachsen, Deutschland;Dammann;Margarethe;w;;;;"Engel Stöver, Dienstmagd zu Uelzen; Christoph Ahrens, Ackermann zu Uelzen; Ilsabe Brammer, Ehefrau des Halbhöfners Johann Friedrich Brammer zu Uelzen";@I227@;;
1796-02-28;Lüneburg, Niedersachsen, Deutschland;1796-03-02;Lüneburg, Niedersachsen, Deutschland;Hagedorn;Heinrich Christoph;m;Hagedorn, Friedrich;Tagelöhner;Hartmann, Anna Dorothea;"Johann Hinrich Thies, Halbhöfner; Engel Kahle, Ehefrau";@I190@;@I258@;@I259@
1796-09-06;Suderburg, Uelzen, Niedersachsen, Deutschland;1796-09-11;Suderburg, Uelzen, Niedersachsen, Deutschland;Oberlin;Heinrich Christoph;m;Oberlin, Claus;Anbauer;Riebesell, Anna Maria;"Anna Dorothea Thies, Ehefrau; Hinrich Rathmann, Häusling";@I152@;@I214@;@I215@
1798-07-14;Lüneburg, Niedersachsen, Deutschland;1798-07-22;Lüneburg, Niedersachsen, Deutschland;Ilgner;Johann;m;;;;"Claus Rabe, Krüger zu Lüneburg; Anna Maria Kruse, Dienstmagd zu Lüneburg; Christoph Dralle, Häusling zu Lüneburg";@I166@;;
1798-08-06;Hankensbüttel, Gifhorn, Niedersachsen, Deutschland;1798-08-12;Hankensbüttel, Gifhorn, Niedersachsen, Deutschland;Tödter;Anna Maria;w;;;;"Margaretha Thies, Jungfer zu Hankensbüttel; Christoph Bruns, Krüger zu Hankensbüttel; Anna Dorothea Kruse, Ehefrau des Kötners Johann Friedrich Kruse zu Hankensbüttel";@I153@;;
1798-09-07;Bad Bevensen, Uelzen, Niedersachsen, Deutschland;1798-09-11;Bad Bevensen, Uelzen, Niedersachsen, Deutschland;Kahle;Anna Catharina;w;Kahle, Hans Jürgen;Krüger;Schröder, Anna Maria;"Friedrich Garbers, Kötner; Margarethe Dierks, Ehefrau";@I167@;@I232@;@I233@
1799-05-11;Bad Bevensen, Uelzen, Niedersachsen, Deutschland;1799-05-16;Bad Bevensen, Uelzen, Niedersachsen, Deutschland;Garbers;Anna Margarethe;w;Garbers, Jacob;Anbauer;Bruns, Catharine Elisabeth;"Anna Catharina Gerdau, Ehefrau; Johann Hinrich Rathmann, Häusling";@I171@;@I236@;@I237@
1799-08-07;Celle, Niedersachsen, Deutschland;1799-08-15;Celle, Niedersachsen, Deutschland;Meinecke;Joachim;m;;;;;@I140@;;
1800-06-04;Uelzen, Niedersachsen, Deutschland;1800-06-12;Uelzen, Niedersachsen, Deutschland;Ebeling;Anna Maria;w;;;;"Ilsabe Garbers, Ehefrau des Halbhöfners Christoph Garbers zu Uelzen; Johann Heinrich Schulze, Krüger zu Uelzen; Hans Jürgen Kahle, Krüger zu Uelzen";@I231@;;
1801-10-12;Eschede, Celle, Niedersachsen, Deutschland;1801-10-18;Eschede, Celle, Niedersachsen, Deutschland;Falkenrath;Johann Heinrich;m;Falkenrath, Hans Jürgen;Häusling;;"Heinrich Eggers, Ackermann zu Eschede; Johann Lüders, Schäfer zu Eschede";@I52@;@I54@;
1802-01-08;Suderburg, Uelzen, Niedersachsen, Deutschland;1802-01-10;Suderburg, Uelzen, Niedersachsen, Deutschland;Müller;Carl;m;Müller, Heinrich Christoph;Schmied;Rabe, Magdalena;"Hans Jürgen Oetzmann, Anbauer; Engel Wiebe, Ehefrau";@I176@;@I240@;@I241@
1802-02-11;Celle, Niedersachsen, Deutschland;1802-02-17;Celle, Niedersachsen, Deutschland;Rosskamp;Georg;m;;;;"Christoph Stöver, Krüger zu Celle; Anna Maria Behrens, Dienstmagd zu Celle; Anna Dorothea Ahrens, Ehefrau des Häuslings Hans Jürgen Ahrens zu Celle";@I146@;;
1802-03-20;Bienenbüttel, Uelzen, Niedersachsen, Deutschland;1802-03-29;Bienenbüttel, Uelzen, Niedersachsen, Deutschland;Hinrichs;Friederike;w;Hinrichs, Heinrich Christoph;Müller;Oetzmann, Margarethe;"Anna Catharina Cordes, Ehefrau; Joachim Brammer, Halbhöfner";@I179@;@I246@;@I247@
1802-06-08;Amelinghausen, Lüneburg, Niedersachsen, Deutschland;1802-06-17;Amelinghausen, Lüneburg, Niedersachsen, Deutschland;Krümmel;Hermann;m;;;;"Johann Heinrich Stöver, Kötner zu Amelinghausen; Anna Maria Hogrefe, Ehefrau des Krügers Johann Heinrich Hogrefe zu Amelinghausen; Christoph Hogrefe, Brinksitzer zu Amelinghausen";@I182@;;
1802-09-17;Bienenbüttel, Uelzen, Niedersachsen, Deutschland;1802-09-24;Bienenbüttel, Uelzen, Niedersachsen, Deutschland;Mohwinkel;Carl;m;Mohwinkel, Friedrich;Häusling;Dammann, Catharine Elisabeth;"Claus Stegen, Brinksitzer; Magdalena Ohlhoff, Ehefrau";@I178@;@I244@;@I245@
1802-11-05;Uelzen, Niedersachsen, Deutschland;1802-11-14;Uelzen, Niedersachsen, Deutschland;Drewes;Carl;m;Drewes, Friedrich;Tagelöhner;Müller, Magdalena;"Jürgen Rathmann, Halbhöfner; Ilse Niebuhr, Ehefrau";@I156@;@I218@;@I219@
1803-12-25;Celle, Niedersachsen, Deutschland;1804-01-03;Celle, Niedersachsen, Deutschland;Brandes;Georg;m;;;;"Johann Heinrich Vollmer, Brinksitzer zu Celle; Margaretha Heuer, Dienstmagd zu Celle; Anna Dorothea Ahrens, Ehefrau des Ackermanns Jürgen Ahrens zu Celle";@I144@;;
1804-01-06;Eschede, Celle, Niedersachsen, Deutschland;1804-01-11;Eschede, Celle, Niedersachsen, Deutschland;Falkenrath;Anna Margarethe;w;Falkenrath, Hans Jürgen;Häusling;;"Ilse Hartmann, Ehefrau; Christoph Lange, Leinweber";@I55@;@I54@;
1804-02-06;Uelzen, Niedersachsen, Deutschland;1804-02-13;Uelzen, Niedersachsen, Deutschland;Gerdau;Johann Friedrich;m;;;;"Jürgen Peters, Häusling zu Uelzen; Catharina Behrens, Dienstmagd zu Uelzen; Hans Jürgen Thies, Kötner zu Uelzen";@I160@;;
1804-02-26;Amelinghausen, Lüneburg, Niedersachsen, Deutschland;1804-03-02;Amelinghausen, Lüneburg, Niedersachsen, Deutschland;Mohwinkel;Wilhelmine;w;;;;"Engel Thies, Ehefrau des Kötners Christoph Thies zu Amelinghausen; Jürgen Cohrs, Schäfer zu Amelinghausen; Johann Friedrich Stöver, Kötner zu Amelinghausen";@I169@;;
1804-07-10;Suderburg, Uelzen, Niedersachsen, Deutschland;1804-07-17;Suderburg, Uelzen, Niedersachsen, Deutschland;Müller;Dorothee;w;Müller, Heinrich Christoph;Schmied;Rabe, Magdalena;"Catharina Oetzmann, Ehefrau; Johann Christoph Bruns, Leinweber";@I362@;@I240@;@I241@
1804-12-24;Bad Bevensen, Uelzen, Niedersachsen, Deutschland;1804-12-27;Bad Bevensen, Uelzen, Niedersachsen, Deutschland;Garbers;Sophie;w;Garbers, Jürgen;Brinksitzer;Garbers, Ilse;"Johann Christoph Peemöller, Tagelöhner; Anna Maria Bohlmann, Ehefrau";@I191@;@I260@;@I261@
1805-03-15;Ebstorf, Uelzen, Niedersachsen, Deutschland;1805-03-18;Ebstorf, Uelzen, Niedersachsen, Deutschland;Burmester;Sophie Dorothee;w;Burmester, Claus;Krüger;Hartmann, Catharina;"Christoph Wöhler, Tagelöhner; Catharina Riebesell, Ehefrau";@I157@;@I220@;@I221@
1805-04-01;Uelzen, Niedersachsen, Deutschland;1805-04-05;Uelzen, Niedersachsen, Deutschland;Harms;Christian;m;Harms, Peter;Holzhauer;Meyer, Catharina;"Heinrich Christoph Wittkopf, Müller; Dorothea Lange, Ehefrau";@I158@;@I222@;@I223@
1805-05-14;Celle, Niedersachsen, Deutschland;1805-05-16;Celle, Niedersachsen, Deutschland;Wiebe;Sophie Dorothee;w;;;;"Anna Dorothea Bockelmann, Ehefrau des Brinksitzers Hinrich Bockelmann zu Celle; Christoph Wolters, Krüger zu Celle; Hans Jürgen Wiese, Häusling zu Celle";@I147@;;
1805-06-01;Amelinghausen, Lüneburg, Niedersachsen, Deutschland;1805-06-03;Amelinghausen, Lüneburg, Niedersachsen, Deutschland;Harms;Johanne;w;Harms, Hans Jürgen;Schäfer;Lange, Catharina;"Anna Maria Schnehage, Ehefrau; Christoph Eggers, Anbauer";@I187@;@I254@;@I255@
1806-03-28;Eschede, Celle, Niedersachsen, Deutschland;1806-04-03;Eschede, Celle, Niedersachsen, Deutschland;Eggers;Catharine Sophie;w;Eggers, Johann Christoph;Leinweber;Oetzmann, Anna Dorothea;"Joachim Lange, Brinksitzer; Catharina Wiebe, Ehefrau";@I53@;@I198@;@I199@
1806-04-15;Celle, Niedersachsen, Deutschland;1806-04-23;Celle, Niedersachsen, Deutschland;Wichmann;Friedrich;m;Wichmann, Jürgen;Krüger;Jürgens, Dorothea;"Anna Dorothea Oetzmann, Ehefrau; Heinrich Christoph Soltmann, Krüger";@I142@;@I200@;@I201@
1806-04-25;Dahlenburg, Lüneburg, Niedersachsen, Deutschland;1806-04-27;Dahlenburg, Lüneburg, Niedersachsen, Deutschland;Winkelmann;Johann Heinrich;m;Winkelmann, Johann Hinrich;Kötner;Tödter, Ilse;"Jacob Dierks, Müller; Anna Margarethe Lange, Ehefrau";@I186@;@I252@;@I253@
1806-11-26;Lüneburg, Niedersachsen, Deutschland;1806-12-05;Lüneburg, Niedersachsen, Deutschland;Reese;Friedrich;m;;;;"Hans Jürgen Brammer, Brinksitzer zu Lüneburg; Ilsabe Meyer, Dienstmagd zu Lüneburg; Catharina Cohrs, Dienstmagd zu Lüneburg";@I168@;;
1807-08-04;Bienenbüttel, Uelzen, Niedersachsen, Deutschland;1807-08-10;Bienenbüttel, Uelzen, Niedersachsen, Deutschland;Hinrichs;Sophie;w;Hinrichs, Heinrich Christoph;Müller;Oetzmann, Margarethe;"Johann Christoph Wulf, Kötner; Margarethe Winkelmann, Ehefrau";@I364@;@I246@;@I247@
1807-09-13;Hankensbüttel, Gifhorn, Niedersachsen, Deutschland;1807-09-19;Hankensbüttel, Gifhorn, Niedersachsen, Deutschland;Wrede;Ludwig;m;Wrede, Friedrich;Kötner;Harms, Anna Dorothea;"Joachim Winkelmann, Kötner; Anna Catharina Brammer, Ehefrau";@I363@;@I242@;@I243@
1807-11-25;Lüneburg, Niedersachsen, Deutschland;1807-11-29;Lüneburg, Niedersachsen, Deutschland;Marquardt;Ludwig;m;;;;"Johann Friedrich Bockelmann, Brinksitzer zu Lüneburg; Catharina Schulze, Dienstmagd zu Lüneburg; Engel Behrens, Jungfer zu Lüneburg";@I174@;;
1808-06-27;Eschede, Celle, Niedersachsen, Deutschland;1808-07-04;Eschede, Celle, Niedersachsen, Deutschland;Eggers;Heinrich Wilhelm;m;Eggers, Johann Christoph;Leinweber;Oetzmann, Anna Dorothea;"Claus Riebesell, Leinweber; Catharine Elisabeth Eggers, Ehefrau";@I349@;@I198@;@I199@
1808-12-22;Lüneburg, Niedersachsen, Deutschland;1808-12-29;Lüneburg, Niedersachsen, Deutschland;Pohlmann;August;m;Pohlmann, Johann;Tagelöhner;Peemöller, Anna Maria;"Johann Hinrich Kahle, Halbhöfner; Ilse Lühmann, Ehefrau";@I170@;@I234@;@I235@
1809-05-16;Hankensbüttel, Gifhorn, Niedersachsen, Deutschland;1809-05-21;Hankensbüttel, Gifhorn, Niedersachsen, Deutschland;Jürgens;Wilhelmine;w;;;;"Catharina Schulze, Ehefrau des Krügers Hans Jürgen Schulze zu Hankensbüttel; Claus Plate, Häusling zu Hankensbüttel; Catharina Ahrens, Ehefrau des Schäfers Johann Friedrich Ahrens zu Hankensbüttel";@I159@;;
1809-09-13;Hermannsburg, Celle, Niedersachsen, Deutschland;1809-09-19;Hermannsburg, Celle, Niedersachsen, Deutschland;Plate;Friedrich;m;Plate, Johann;Krüger;Cordes, Ilse;"Hans Jürgen Schröder, Müller; Anna Dorothea Cordes, Ehefrau";@I150@;@I210@;@I211@
1809-12-10;Wietze, Celle, Niedersachsen, Deutschland;1809-12-13;Wietze, Celle, Niedersachsen, Deutschland;Wulf;Caroline;w;Wulf, Joachim;Kötner;Eggers, Anna Catharina;"Johann Hinrich Schröder, Leinweber; Ilsabe Rathmann, Ehefrau";@I121@;@I224@;@I225@
1809-12-21;Bad Bevensen, Uelzen, Niedersachsen, Deutschland;1809-12-27;Bad Bevensen, Uelzen, Niedersachsen, Deutschland;Schnehage;Ludwig;m;;;;"Hans Jürgen Meyer, Schmied zu Bad Bevensen; Anna Maria Lange, Ehefrau des Kötners Claus Lange zu Bad Bevensen; Claus Plate, Krüger zu Bad Bevensen";@I164@;;
1810-03-08;Suderburg, Uelzen, Niedersachsen, Deutschland;1810-03-14;Suderburg, Uelzen, Niedersachsen, Deutschland;Cordes;Hermann;m;;;;"Hinrich Wolters, Kötner zu Suderburg; Margaretha Wrede, Dienstmagd zu Suderburg; Johann Friedrich Cohrs, Ackermann zu Suderburg";@I162@;;
1810-06-17;Bienenbüttel, Uelzen, Niedersachsen, Deutschland;1810-06-25;Bienenbüttel, Uelzen, Niedersachsen, Deutschland;Hinrichs;Carl;m;Hinrichs, Heinrich Christoph;Müller;Oetzmann, Margarethe;"Heinrich Christoph Heuer, Leinweber; Margarethe Jürgens, Ehefrau";@I365@;@I246@;@I247@
1810-07-19;Hankensbüttel, Gifhorn, Niedersachsen, Deutschland;1810-07-22;Hankensbüttel, Gifhorn, Niedersachsen, Deutschland;Wrede;Charlotte;w;Wrede, Friedrich;Kötner;Harms, Anna Dorothea;"Johann Hinrich Mohwinkel, Leinweber; Anna Maria Thies, Ehefrau";@I177@;@I242@;@I243@
1810-09-25;Beedenbostel, Celle, Niedersachsen, Deutschland;1810-10-04;Beedenbostel, Celle, Niedersachsen, Deutschland;Oetzmann;Henriette;w;Oetzmann, Joachim;Häusling;Kröger, Catharina;"Magdalena Heitmann, Ehefrau; Johann Hinrich Voss, Anbauer";@I149@;@I208@;@I209@
1811-04-22;Hermannsburg, Celle, Niedersachsen, Deutschland;1811-04-28;Hermannsburg, Celle, Niedersachsen, Deutschland;Plate;Heinrich Wilhelm;m;Plate, Johann;Krüger;Cordes, Ilse;"Dorothea Tödter, Ehefrau; Heinrich Christoph Schnehage, Tagelöhner";@I354@;@I210@;@I211@
1811-04-28;Dahlenburg, Lüneburg, Niedersachsen, Deutschland;1811-05-03;Dahlenburg, Lüneburg, Niedersachsen, Deutschland;Bruns;Heinrich Wilhelm;m;;;;"Hinrich Kruse, Brinksitzer zu Dahlenburg; Catharina Bruns, Dienstmagd zu Dahlenburg; Engel Behrens, Ehefrau des Kötners Johann Heinrich Behrens zu Dahlenburg";@I184@;;
1811-10-10;Suderburg, Uelzen, Niedersachsen, Deutschland;1811-10-17;Suderburg, Uelzen, Niedersachsen, Deutschland;Voss;Caroline;w;Voss, Hinrich;Brinksitzer;Hinrichs, Catharina;"Anna Margarethe Voss, Ehefrau; Johann Christoph Heuer, Vollhöfner";@I163@;@I228@;@I229@
1812-01-02;Celle, Niedersachsen, Deutschland;1812-01-09;Celle, Niedersachsen, Deutschland;Behnke;Georg;m;Behnke, Hans Jürgen;Halbhöfner;Harms, Catharine Elisabeth;"Andreas Stegen, Häusling; Ilsabe Lange, Ehefrau";@I120@;@I206@;@I207@
1812-03-01;Amelinghausen, Lüneburg, Niedersachsen, Deutschland;1812-03-09;Amelinghausen, Lüneburg, Niedersachsen, Deutschland;Schulze;Johann Friedrich;m;Schulze, Heinrich Christoph;Halbhöfner;Hoops, Magdalena;"Johann Christoph Kröger, Anbauer; Anna Dorothea Gerdau, Ehefrau";@I180@;@I248@;@I249@
1812-09-25;Amelinghausen, Lüneburg, Niedersachsen, Deutschland;1812-10-01;Amelinghausen, Lüneburg, Niedersachsen, Deutschland;Riebesell;Ludwig;m;;;;"Christoph Dralle, Halbhöfner zu Amelinghausen; Anna Maria Rabe, Ehefrau des Halbhöfners Christoph Rabe zu Amelinghausen; Ilsabe Vollmer, Ehefrau des Kötners Claus Vollmer zu Amelinghausen";@I188@;;
1813-01-15;Eschede, Celle, Niedersachsen, Deutschland;1813-01-22;Eschede, Celle, Niedersachsen, Deutschland;Eggers;Louise;w;Eggers, Johann Christoph;Leinweber;Oetzmann, Anna Dorothea;"Anna Catharina Schröder, Ehefrau; Andreas Winkelmann, Brinksitzer";@I350@;@I198@;@I199@
1813-01-24;Dahlenburg, Lüneburg, Niedersachsen, Deutschland;1813-01-27;Dahlenburg, Lüneburg, Niedersachsen, Deutschland;Gaede;Catharine;w;;;;"Engel Kahle, Ehefrau des Brinksitzers Claus Kahle zu Dahlenburg; Hans Jürgen Peters, Häusling zu Dahlenburg; Ilsabe Wolters, Ehefrau des Krügers Johann Heinrich Wolters zu Dahlenburg";@I181@;;
1813-08-23;Lüneburg, Niedersachsen, Deutschland;1813-09-01;Lüneburg, Niedersachsen, Deutschland;Stegen;Sophie;w;;;;"Engel Wrede, Dienstmagd zu Lüneburg; Johann Heinrich Kruse, Häusling zu Lüneburg; Hans Jürgen Söhl, Häusling zu Lüneburg";@I175@;;
1813-09-09;Delbrück, Paderborn, Nordrhein-Westfalen, Deutschland;1813-09-12;Delbrück, Paderborn, Nordrhein-Westfalen, Deutschland;Kleine;Heinrich;m;;;;"Joseph Schäfers, Schäfer zu Delbrück; Anna Maria Tölle, Ehefrau des Häuslings Franz Tölle zu Delbrück; Joseph Füller, Halbhöfner zu Delbrück";@I194@;;
1813-09-17;Eschede, Celle, Niedersachsen, Deutschland;1813-09-23;Eschede, Celle, Niedersachsen, Deutschland;Lüders;Friedrich;m;;;;"Hans Jürgen Schulze, Brinksitzer zu Eschede; Catharina Garbers, Ehefrau des Brinksitzers Johann Friedrich Garbers zu Eschede; Christoph Behrens, Schäfer zu Eschede";@I148@;;
1813-10-05;Celle, Niedersachsen, Deutschland;1813-10-09;Celle, Niedersachsen, Deutschland;Eggers;Marie;w;Eggers, Hinrich;Schmied;Kröger, Margarethe;"Engel Hinrichs, Ehefrau; Jürgen Peemöller, Schmied";@I143@;@I202@;@I203@
1813-10-24;Bienenbüttel, Uelzen, Niedersachsen, Deutschland;1813-10-27;Bienenbüttel, Uelzen, Niedersachsen, Deutschland;Klingebiel;Auguste;w;;;;"Engel Plate, Ehefrau des Schmieds Hinrich Plate zu Bienenbüttel; Christoph Niebuhr, Brinksitzer zu Bienenbüttel; Claus Dralle, Schäfer zu Bienenbüttel";@I185@;;
1813-12-08;Dahlenburg, Lüneburg, Niedersachsen, Deutschland;1813-12-10;Dahlenburg, Lüneburg, Niedersachsen, Deutschland;Ohlhoff;Charlotte;w;Ohlhoff, Friedrich;Vollhöfner;Wulf, Catharine Elisabeth;"Jacob Garbers, Vollhöfner; Catharina Soltmann, Ehefrau";@I368@;@I250@;@I251@
1814-06-20;Suderburg, Uelzen, Niedersachsen, Deutschland;1814-06-28;Suderburg, Uelzen, Niedersachsen, Deutschland;Voss;Charlotte;w;Voss, Hinrich;Brinksitzer;Hinrichs, Catharina;"Margarethe Heuer, Ehefrau; Friedrich Plate, Vollhöfner";@I357@;@I228@;@I229@
1814-10-23;Ebstorf, Uelzen, Niedersachsen, Deutschland;1814-10-30;Ebstorf, Uelzen, Niedersachsen, Deutschland;Voss;Catharine;w;Voss, Peter;Vollhöfner;Rabe, Catharine Elisabeth;"Engel Müller, Ehefrau; Peter Ebeling, Schäfer";@I155@;@I216@;@I217@
1815-03-10;Paderborn, Nordrhein-Westfalen, Deutschland;1815-03-14;Paderborn, Nordrhein-Westfalen, Deutschland;Rüther;Anton;m;;;;"Johann Bernhard Tölle, Ackermann zu Paderborn; Elisabeth Lütkehaus, Ehefrau des Kötners Franz Anton Lütkehaus zu Paderborn; Anton Schäfers, Schäfer zu Paderborn";@I196@;;
1815-08-06;Lüneburg, Niedersachsen, Deutschland;1815-08-10;Lüneburg, Niedersachsen, Deutschland;Jürgens;Sophie;w;Jürgens, Joachim;Salzsieder;Klingebiel, Ilse;"Catharine Elisabeth Plate, Ehefrau; Joachim Plate, Brinksitzer";@I173@;@I238@;@I239@
1815-11-07;Bergen, Celle, Niedersachsen, Deutschland;1815-11-10;Bergen, Celle, Niedersachsen, Deutschland;Ebeling;Dorothee;w;Ebeling, Johann Hinrich;Schmied;Schnehage, Anna Dorothea;"Hinrich Schröder, Leinweber; Dorothea Harms, Ehefrau";@I151@;@I212@;@I213@
1816-02-07;Celle, Niedersachsen, Deutschland;1816-02-11;Celle, Niedersachsen, Deutschland;Lange;Sophie;w;;;;;@I141@;;
1816-05-04;Dahlenburg, Lüneburg, Niedersachsen, Deutschland;1816-05-06;Dahlenburg, Lüneburg, Niedersachsen, Deutschland;Ohlhoff;Charlotte;w;Ohlhoff, Friedrich;Vollhöfner;Wulf, Catharine Elisabeth;"Johann Christoph Jürgens, Holzhauer; Margarethe Jürgens, Ehefrau";@I183@;@I250@;@I251@
1816-09-27;Amelinghausen, Lüneburg, Niedersachsen, Deutschland;1816-09-29;Amelinghausen, Lüneburg, Niedersachsen, Deutschland;Schulze;Marie;w;Schulze, Heinrich Christoph;Halbhöfner;Hoops, Magdalena;"Andreas Ohlhoff, Tagelöhner; Ilse Niebuhr, Ehefrau";@I366@;@I248@;@I249@
1817-01-01;Bienenbüttel, Uelzen, Niedersachsen, Deutschland;1817-01-10;Bienenbüttel, Uelzen, Niedersachsen, Deutschland;Riebesell;Sophie Dorothee;w;;;;"Ilsabe Wolters, Ehefrau des Krügers Johann Heinrich Wolters zu Bienenbüttel; Johann Heinrich Meyer, Brinksitzer zu Bienenbüttel; Christoph Stöver, Krüger zu Bienenbüttel";@I193@;;
1817-06-05;Wietze, Celle, Niedersachsen, Deutschland;1817-06-11;Wietze, Celle, Niedersachsen, Deutschland;Burmester;Wilhelmine;w;Burmester, Jürgen;Halbhöfner;Ebeling, Ilsabe;"Peter Klingebiel, Brinksitzer; Ilse Wöhler, Ehefrau";@I145@;@I204@;@I205@
1817-07-12;Beedenbostel, Celle, Niedersachsen, Deutschland;1817-07-15;Beedenbostel, Celle, Niedersachsen, Deutschland;Oetzmann;Louise;w;Oetzmann, Joachim;Häusling;Kröger, Catharina;"Catharina Cordes, Ehefrau; Friedrich Eggers, Vollhöfner";@I353@;@I208@;@I209@
1817-09-24;Celle, Niedersachsen, Deutschland;1817-09-26;Celle, Niedersachsen, Deutschland;Eggers;Wilhelmine;w;Eggers, Hinrich;Schmied;Kröger, Margarethe;"Magdalena Lühmann, Ehefrau; Hans Jürgen Voss, Halbhöfner";@I351@;@I202@;@I203@
1818-04-21;Ebstorf, Uelzen, Niedersachsen, Deutschland;1818-04-30;Ebstorf, Uelzen, Niedersachsen, Deutschland;Wulf;Ernst;m;;;;"Hinrich Wolters, Schäfer zu Ebstorf; Anna Dorothea Müller, Ehefrau des Brinksitzers Hans Jürgen Müller zu Ebstorf; Jürgen Müller, Schmied zu Ebstorf";@I154@;;
1818-05-14;Suderburg, Uelzen, Niedersachsen, Deutschland;1818-05-18;Suderburg, Uelzen, Niedersachsen, Deutschland;Voss;Dorothee;w;Voss, Hinrich;Brinksitzer;Hinrichs, Catharina;"Ilse Brammer, Ehefrau; Jürgen Plate, Schäfer";@I358@;@I228@;@I229@
1818-07-04;Ebstorf, Uelzen, Niedersachsen, Deutschland;1818-07-08;Ebstorf, Uelzen, Niedersachsen, Deutschland;Riebesell;Marie;w;Riebesell, Christoph;Schmied;Dammann, Margarethe;"Ilse Lange, Ehefrau; Johann Winkelmann, Tagelöhner";@I161@;@I226@;@I227@
1818-08-09;Ebstorf, Uelzen, Niedersachsen, Deutschland;1818-08-13;Ebstorf, Uelzen, Niedersachsen, Deutschland;Voss;Johanne;w;Voss, Peter;Vollhöfner;Rabe, Catharine Elisabeth;"Magdalena Garbers, Ehefrau; Hinrich Rabe, Holzhauer";@I355@;@I216@;@I217@
1819-03-05;Amelinghausen, Lüneburg, Niedersachsen, Deutschland;1819-03-07;Amelinghausen, Lüneburg, Niedersachsen, Deutschland;Hartmann;Heinrich Wilhelm;m;;;;"Johann Friedrich Bostelmann, Kötner zu Amelinghausen; Anna Maria Niebuhr, Jungfer zu Amelinghausen; Johann Heinrich Stöver, Kötner zu Amelinghausen";@I172@;;
1819-04-06;Salzkotten, Paderborn, Nordrhein-Westfalen, Deutschland;1819-04-09;Salzkotten, Paderborn, Nordrhein-Westfalen, Deutschland;Kleine;Elisabeth;w;;;;"Anna Maria Rüsing, Dienstmagd zu Salzkotten; Franz Kleeschulte, Schäfer zu Salzkotten; Joseph Schäfers, Häusling zu Salzkotten";@I197@;;
1820-08-16;Bad Bevensen, Uelzen, Niedersachsen, Deutschland;1820-08-25;Bad Bevensen, Uelzen, Niedersachsen, Deutschland;Wiebe;Wilhelmine;w;Wiebe, Heinrich Christoph;Brinksitzer;Dammann, Ilsabe;"Dorothea Rathmann, Ehefrau; Johann Hinrich Hoops, Krüger";@I189@;@I256@;@I257@
1821-03-28;Delbrück, Paderborn, Nordrhein-Westfalen, Deutschland;1821-03-31;Delbrück, Paderborn, Nordrhein-Westfalen, Deutschland;Brinkmann;Maria Anna;w;;;;"Gertrud Tölle, Dienstmagd zu Delbrück; Franz Anton Schäfers, Schäfer zu Delbrück; Anna Maria Kleeschulte, Dienstmagd zu Delbrück";@I195@;;
1821-08-09;Lüneburg, Niedersachsen, Deutschland;1821-08-16;Lüneburg, Niedersachsen, Deutschland;Brammer;Georg;m;Brammer, Christoph;Halbhöfner;Wrede, Anna Dorothea;"Margarethe Dammann, Ehefrau; Jacob Müller, Krüger";@I192@;@I262@;@I263@
1822-05-02;Celle, Niedersachsen, Deutschland;1822-05-05;Celle, Niedersachsen, Deutschland;Eggers;Johann Friedrich;m;Eggers, Hinrich;Schmied;Kröger, Margarethe;"Anna Maria Hartmann, Ehefrau; Hinrich Harms, Vollhöfner";@I352@;@I202@;@I203@
1822-07-05;Ebstorf, Uelzen, Niedersachsen, Deutschland;1822-07-07;Ebstorf, Uelzen, Niedersachsen, Deutschland;Voss;Ernst;m;Voss, Peter;Vollhöfner;Rabe, Catharine Elisabeth;"Anna Margarethe Peemöller, Ehefrau; Jürgen Heuer, Leinweber";@I356@;@I216@;@I217@
1822-10-03;Dahlenburg, Lüneburg, Niedersachsen, Deutschland;1822-10-11;Dahlenburg, Lüneburg, Niedersachsen, Deutschland;Ohlhoff;Caroline;w;Ohlhoff, Friedrich;Vollhöfner;Wulf, Catharine Elisabeth;"Andreas Oetzmann, Müller; Margarethe Jürgens, Ehefrau";@I367@;@I250@;@I251@
1823-02-03;Bad Bevensen, Uelzen, Niedersachsen, Deutschland;1823-02-07;Bad Bevensen, Uelzen, Niedersachsen, Deutschland;Wiebe;Carl;m;Wiebe, Heinrich Christoph;Brinksitzer;Dammann, Ilsabe;"Claus Müller, Krüger; Anna Margarethe Thies, Ehefrau";@I369@;@I256@;@I257@
1825-08-27;Lüneburg, Niedersachsen, Deutschland;1825-09-02;Lüneburg, Niedersachsen, Deutschland;Jürgens;Johanne;w;Jürgens, Joachim;Salzsieder;Klingebiel, Ilse;"Dorothea Heuer, Ehefrau; Johann Hinrich Dammann, Häusling";@I360@;@I238@;@I239@
1825-12-19;Lüneburg, Niedersachsen, Deutschland;1825-12-24;Lüneburg, Niedersachsen, Deutschland;Brammer;Henriette;w;Brammer, Christoph;Halbhöfner;Wrede, Anna Dorothea;"Engel Cordes, Ehefrau; Heinrich Christoph Gerdau, Kötner";@I370@;@I262@;@I263@
1827-03-26;Lüneburg, Niedersachsen, Deutschland;1827-04-04;Lüneburg, Niedersachsen, Deutschland;Ilgner;Heinrich;m;Ilgner, Johann;Schmied;Kahle, Anna Catharina;"Margarethe Schulze, Ehefrau; Johann Hinrich Bruns, Schmied";@I322@;@I166@;@I167@
1827-08-04;Bad Bevensen, Uelzen, Niedersachsen, Deutschland;1827-08-08;Bad Bevensen, Uelzen, Niedersachsen, Deutschland;Meyer;Louise;w;Meyer, Johann Christoph;Krüger;Ebeling, Anna Maria;"Margarethe Mohwinkel, Ehefrau; Christoph Müller, Häusling";@I165@;@I230@;@I231@
1828-02-03;Eschede, Celle, Niedersachsen, Deutschland;1828-02-05;Eschede, Celle, Niedersachsen, Deutschland;Meyerhof;Ludwig;m;;;;;@I59@;;
1830-03-15;Lüneburg, Niedersachsen, Deutschland;1830-03-20;Lüneburg, Niedersachsen, Deutschland;Ilgner;Johann;m;Ilgner, Johann;Schmied;Kahle, Anna Catharina;"Christoph Riebesell, Brinksitzer; Catharina Rabe, Ehefrau";@I101@;@I166@;@I167@
1831-11-09;Eschede, Celle, Niedersachsen, Deutschland;1831-11-16;Eschede, Celle, Niedersachsen, Deutschland;Falkenrath;Sophie Dorothee;w;Falkenrath, Johann Heinrich;Häusling und Tagelöhner;Eggers, Catharine Sophie;;@I58@;@I52@;@I53@
1831-11-09;Celle, Niedersachsen, Deutschland;1831-11-18;Celle, Niedersachsen, Deutschland;Rosskamp;Johann Friedrich;m;Rosskamp, Georg;Holzhauer;Wiebe, Sophie Dorothee;"Christian Heuer, Vollhöfner; Auguste Rabe, Ehefrau";@I112@;@I146@;@I147@
1832-02-02;Uelzen, Niedersachsen, Deutschland;1832-02-08;Uelzen, Niedersachsen, Deutschland;Oberlin;Hermann;m;Oberlin, Heinrich Christoph;Schäfer;Tödter, Anna Maria;"Hermann Klingebiel, Vollhöfner; Johanne Dierks, Ehefrau";@I116@;@I152@;@I153@
1832-02-23;Uelzen, Niedersachsen, Deutschland;1832-03-02;Uelzen, Niedersachsen, Deutschland;Drewes;Christian;m;Drewes, Carl;Anbauer;Burmester, Sophie Dorothee;"Friederike Ebeling, Ehefrau; Johann Heinrich Lühmann, Halbhöfner";@I118@;@I156@;@I157@
1832-08-14;Eschede, Celle, Niedersachsen, Deutschland;1832-08-23;Eschede, Celle, Niedersachsen, Deutschland;Bostelmann;Heinrich;m;Bostelmann, Jürgen Hinrich;Kötner;Falkenrath, Anna Margarethe;;@I57@;@I56@;@I55@
1832-09-28;Lüneburg, Niedersachsen, Deutschland;1832-10-06;Lüneburg, Niedersachsen, Deutschland;Hagedorn;August;m;Hagedorn, Heinrich Christoph;Holzhauer;Garbers, Sophie;"August Bohlmann, Vollhöfner; Marie Brammer, Ehefrau";@I136@;@I190@;@I191@
1832-10-03;Lüneburg, Niedersachsen, Deutschland;1832-10-09;Lüneburg, Niedersachsen, Deutschland;Jürgens;Friedrich;m;Jürgens, Joachim;Salzsieder;Klingebiel, Ilse;"Louise Rathmann, Ehefrau; Ernst Winkelmann, Krüger";@I361@;@I238@;@I239@
1833-02-24;Bienenbüttel, Uelzen, Niedersachsen, Deutschland;1833-03-03;Bienenbüttel, Uelzen, Niedersachsen, Deutschland;Mohwinkel;Georg;m;Mohwinkel, Carl;Schmied;Hinrichs, Friederike;;@I130@;@I178@;@I179@
1833-04-28;Bad Bevensen, Uelzen, Niedersachsen, Deutschland;1833-05-01;Bad Bevensen, Uelzen, Niedersachsen, Deutschland;Meyer;Johann Friedrich;m;Meyer, Johann Christoph;Krüger;Ebeling, Anna Maria;"Louise Wrede, Ehefrau; Wilhelm Wiebe, Schmied";@I359@;@I230@;@I231@
1834-07-06;Eschede, Celle, Niedersachsen, Deutschland;1834-07-09;Eschede, Celle, Niedersachsen, Deutschland;Falkenrath;Friedrich Wilhelm;m;Falkenrath, Johann Heinrich;Häusling und Tagelöhner;Eggers, Catharine Sophie;;@I48@;@I52@;@I53@
1834-07-26;Lüneburg, Niedersachsen, Deutschland;1834-07-28;Lüneburg, Niedersachsen, Deutschland;Hagedorn;Heinrich;m;Hagedorn, Heinrich Christoph;Holzhauer;Garbers, Sophie;"Marie Burmester, Ehefrau; Heinrich Plate, Schmied";@I340@;@I190@;@I191@
1834-08-22;Lüneburg, Niedersachsen, Deutschland;1834-08-28;Lüneburg, Niedersachsen, Deutschland;Ilgner;Johanne;w;Ilgner, Johann;Schmied;Kahle, Anna Catharina;"Heinrich Wilhelm Bohlmann, Kötner; Marie Ebeling, Ehefrau";@I323@;@I166@;@I167@
1834-10-14;Amelinghausen, Lüneburg, Niedersachsen, Deutschland;1834-10-17;Amelinghausen, Lüneburg, Niedersachsen, Deutschland;Pohlmann;Johann Friedrich;m;Pohlmann, August;Salinenarbeiter;Garbers, Anna Margarethe;"Ernst Garbers, Holzhauer; Johanne Dierks, Ehefrau";@I126@;@I170@;@I171@
1835-03-01;Uelzen, Niedersachsen, Deutschland;1835-03-03;Uelzen, Niedersachsen, Deutschland;Oberlin;Charlotte;w;Oberlin, Heinrich Christoph;Schäfer;Tödter, Anna Maria;"Ludwig Wiebe, Leinweber; Caroline Ohlhoff, Ehefrau";@I308@;@I152@;@I153@
1836-08-16;Lüneburg, Niedersachsen, Deutschland;1836-08-18;Lüneburg, Niedersachsen, Deutschland;Ilgner;Louise;w;Ilgner, Johann;Schmied;Kahle, Anna Catharina;"August Bohlmann, Schäfer; Marie Wöhler, Ehefrau";@I321@;@I166@;@I167@
1836-09-27;Lüneburg, Niedersachsen, Deutschland;1836-09-30;Lüneburg, Niedersachsen, Deutschland;Reese;Dorothee;w;Reese, Friedrich;Böttcher;Mohwinkel, Wilhelmine;"Friedrich Heuer, Schäfer; Auguste Heitmann, Ehefrau";@I102@;@I168@;@I169@
1836-12-09;Bienenbüttel, Uelzen, Niedersachsen, Deutschland;1836-12-14;Bienenbüttel, Uelzen, Niedersachsen, Deutschland;Mohwinkel;August;m;Mohwinkel, Carl;Schmied;Hinrichs, Friederike;;@I331@;@I178@;@I179@
1837-06-20;Hermannsburg, Celle, Niedersachsen, Deutschland;1837-06-28;Hermannsburg, Celle, Niedersachsen, Deutschland;Plate;Friederike;w;Plate, Friedrich;Anbauer;Ebeling, Dorothee;"Henriette Jürgens, Ehefrau; Friedrich Eggers, Anbauer";@I115@;@I150@;@I151@
1837-06-21;Eschede, Celle, Niedersachsen, Deutschland;1837-06-26;Eschede, Celle, Niedersachsen, Deutschland;Falkenrath;Heinrich;m;Falkenrath, Johann Heinrich;Häusling und Tagelöhner;Eggers, Catharine Sophie;;@I60@;@I52@;@I53@
1837-09-01;Lüneburg, Niedersachsen, Deutschland;1837-09-06;Lüneburg, Niedersachsen, Deutschland;Marquardt;Carl;m;Marquardt, Ludwig;Böttcher;Stegen, Sophie;"Louise Schulze, Ehefrau; Christian Harms, Vollhöfner";@I128@;@I174@;@I175@
1837-10-26;Uelzen, Niedersachsen, Deutschland;1837-11-03;Uelzen, Niedersachsen, Deutschland;Oberlin;Charlotte;w;Oberlin, Heinrich Christoph;Schäfer;Tödter, Anna Maria;"Johann Heinrich Bohlmann, Tagelöhner; Marie Plate, Ehefrau";@I310@;@I152@;@I153@
1838-04-10;Lüneburg, Niedersachsen, Deutschland;1838-04-16;Lüneburg, Niedersachsen, Deutschland;Reese;Sophie;w;Reese, Friedrich;Böttcher;Mohwinkel, Wilhelmine;"Christian Dammann, Schmied; Caroline Burmester, Ehefrau";@I324@;@I168@;@I169@
1838-09-09;Celle, Niedersachsen, Deutschland;1838-09-18;Celle, Niedersachsen, Deutschland;Wichmann;Christian;m;Wichmann, Friedrich;Halbhöfner;Eggers, Marie;;@I50@;@I142@;@I143@
1838-10-04;Celle, Niedersachsen, Deutschland;1838-10-06;Celle, Niedersachsen, Deutschland;Behnke;Charlotte;w;Behnke, Georg;Müller;Wulf, Caroline;"Friedrich Eggers, Schmied; Louise Klingebiel, Ehefrau";@I113@;@I120@;@I121@
1839-01-17;Celle, Niedersachsen, Deutschland;1839-01-24;Celle, Niedersachsen, Deutschland;Meinecke;Johanne;w;Meinecke, Joachim;Müller;Lange, Sophie;"August Schnehage, Schäfer; Auguste Ebeling, Ehefrau";@I49@;@I140@;@I141@
1839-01-25;Eschede, Celle, Niedersachsen, Deutschland;1839-02-03;Eschede, Celle, Niedersachsen, Deutschland;Lüders;Ernst;m;Lüders, Friedrich;Sattler;Oetzmann, Henriette;;@I114@;@I148@;@I149@
1839-03-28;Uelzen, Niedersachsen, Deutschland;1839-04-03;Uelzen, Niedersachsen, Deutschland;Oberlin;Georg;m;Oberlin, Heinrich Christoph;Schäfer;Tödter, Anna Maria;"Catharine Peemöller, Ehefrau; August Rabe, Halbhöfner";@I309@;@I152@;@I153@
1839-07-25;Bad Bevensen, Uelzen, Niedersachsen, Deutschland;1839-07-30;Bad Bevensen, Uelzen, Niedersachsen, Deutschland;Müller;Louise;w;Müller, Carl;Schmied;Wrede, Charlotte;;@I129@;@I176@;@I177@
1839-08-04;Amelinghausen, Lüneburg, Niedersachsen, Deutschland;1839-08-10;Amelinghausen, Lüneburg, Niedersachsen, Deutschland;Krümmel;Ernst;m;Krümmel, Hermann;Halbhöfner;Ohlhoff, Charlotte;"Heinrich Müller, Schäfer; Louise Garbers, Ehefrau";@I132@;@I182@;@I183@
1839-12-20;Bienenbüttel, Uelzen, Niedersachsen, Deutschland;1839-12-28;Bienenbüttel, Uelzen, Niedersachsen, Deutschland;Winkelmann;Hermann;m;Winkelmann, Johann Heinrich;Holzhauer;Harms, Johanne;"Auguste Lange, Ehefrau; August Mohwinkel, Tagelöhner";@I134@;@I186@;@I187@
1840-08-23;Eschede, Celle, Niedersachsen, Deutschland;1840-08-25;Eschede, Celle, Niedersachsen, Deutschland;Falkenrath;Anna Catharina;w;Falkenrath, Johann Heinrich;Häusling und Tagelöhner;Eggers, Catharine Sophie;;@I372@;@I52@;@I53@
1840-09-03;Uelzen, Niedersachsen, Deutschland;1840-09-07;Uelzen, Niedersachsen, Deutschland;Harms;Charlotte;w;Harms, Christian;Tagelöhner;Jürgens, Wilhelmine;"Carl Peemöller, Vollhöfner; Louise Jürgens, Ehefrau";@I119@;@I158@;@I159@
1841-01-10;Amelinghausen, Lüneburg, Niedersachsen, Deutschland;1841-01-15;Amelinghausen, Lüneburg, Niedersachsen, Deutschland;Riebesell;Dorothee;w;Riebesell, Ludwig;Tischler;Wiebe, Wilhelmine;;@I135@;@I188@;@I189@
1841-04-07;Suderburg, Uelzen, Niedersachsen, Deutschland;1841-04-09;Suderburg, Uelzen, Niedersachsen, Deutschland;Cordes;Caroline;w;Cordes, Hermann;Leinweber;Voss, Caroline;;@I317@;@I162@;@I163@
1841-04-23;Hermannsburg, Celle, Niedersachsen, Deutschland;1841-04-29;Hermannsburg, Celle, Niedersachsen, Deutschland;Eggers;Charlotte;w;;;;;@I373@;;
1841-07-18;Amelinghausen, Lüneburg, Niedersachsen, Deutschland;1841-07-26;Amelinghausen, Lüneburg, Niedersachsen, Deutschland;Krümmel;Georg;m;Krümmel, Hermann;Halbhöfner;Ohlhoff, Charlotte;"Johanne Peemöller, Ehefrau; Georg Winkelmann, Schuhmacher";@I334@;@I182@;@I183@
1841-09-14;Bad Bevensen, Uelzen, Niedersachsen, Deutschland;1841-09-16;Bad Bevensen, Uelzen, Niedersachsen, Deutschland;Müller;Auguste;w;Müller, Carl;Schmied;Wrede, Charlotte;;@I329@;@I176@;@I177@
1842-07-09;Celle, Niedersachsen, Deutschland;1842-07-18;Celle, Niedersachsen, Deutschland;Wichmann;Wilhelmine;w;Wichmann, Friedrich;Halbhöfner;Eggers, Marie;;@I298@;@I142@;@I143@
1842-10-09;Bienenbüttel, Uelzen, Niedersachsen, Deutschland;1842-10-14;Bienenbüttel, Uelzen, Niedersachsen, Deutschland;Winkelmann;Catharine;w;Winkelmann, Johann Heinrich;Holzhauer;Harms, Johanne;"Dorothee Bruns, Ehefrau; Ernst Plate, Bahnarbeiter";@I338@;@I186@;@I187@
1842-11-08;Celle, Niedersachsen, Deutschland;1842-11-15;Celle, Niedersachsen, Deutschland;Behnke;Johann Heinrich;m;Behnke, Georg;Müller;Wulf, Caroline;"Christian Harms, Landwirt; Henriette Brammer, Ehefrau";@I123@;@I120@;@I121@
1842-12-18;Bienenbüttel, Uelzen, Niedersachsen, Deutschland;1842-12-20;Bienenbüttel, Uelzen, Niedersachsen, Deutschland;Mohwinkel;Ernst;m;Mohwinkel, Carl;Schmied;Hinrichs, Friederike;;@I330@;@I178@;@I179@
1843-01-18;Suderburg, Uelzen, Niedersachsen, Deutschland;1843-01-26;Suderburg, Uelzen, Niedersachsen, Deutschland;Cordes;Wilhelm;m;Cordes, Hermann;Leinweber;Voss, Caroline;;@I124@;@I162@;@I163@
1843-02-04;Eschede, Celle, Niedersachsen, Deutschland;1843-02-12;Eschede, Celle, Niedersachsen, Deutschland;Falkenrath;Johann Friedrich;m;Falkenrath, Johann Heinrich;Häusling und Tagelöhner;Eggers, Catharine Sophie;;@I371@;@I52@;@I53@
1843-02-21;Celle, Niedersachsen, Deutschland;1843-02-24;Celle, Niedersachsen, Deutschland;Brandes;Luise;w;Brandes, Georg;Leinweber;Burmester, Wilhelmine;"Friedrich Niebuhr, Schmied; Johanne Dierks, Ehefrau";@I51@;@I144@;@I145@
1843-03-24;Ebstorf, Uelzen, Niedersachsen, Deutschland;1843-04-01;Ebstorf, Uelzen, Niedersachsen, Deutschland;Wulf;Caroline;w;Wulf, Ernst;Schmied;Voss, Catharine;;@I117@;@I154@;@I155@
1843-05-20;Lüneburg, Niedersachsen, Deutschland;1843-05-25;Lüneburg, Niedersachsen, Deutschland;Marquardt;Heinrich Wilhelm;m;Marquardt, Ludwig;Böttcher;Stegen, Sophie;"Johann Friedrich Burmester, Landwirt; Auguste Wiebe, Ehefrau";@I328@;@I174@;@I175@
1843-08-17;Uelzen, Niedersachsen, Deutschland;1843-08-21;Uelzen, Niedersachsen, Deutschland;Gerdau;Catharine;w;Gerdau, Johann Friedrich;Müller;Riebesell, Marie;"Marie Dierks, Ehefrau; Johann Heinrich Heitmann, Förster";@I122@;@I160@;@I161@
1844-06-21;Hermannsburg, Celle, Niedersachsen, Deutschland;1844-06-25;Hermannsburg, Celle, Niedersachsen, Deutschland;Plate;Henriette;w;Plate, Friedrich;Anbauer;Ebeling, Dorothee;"Sophie Dorothee Wulf, Ehefrau; Wilhelm Könecke, Tischler";@I307@;@I150@;@I151@
1844-07-27;Eschede, Celle, Niedersachsen, Deutschland;1844-08-04;Eschede, Celle, Niedersachsen, Deutschland;Lüders;Johann Heinrich;m;Lüders, Friedrich;Sattler;Oetzmann, Henriette;;@I303@;@I148@;@I149@
1845-05-28;Suderburg, Uelzen, Niedersachsen, Deutschland;1845-05-31;Suderburg, Uelzen, Niedersachsen, Deutschland;Cordes;Friederike;w;Cordes, Hermann;Leinweber;Voss, Caroline;;@I316@;@I162@;@I163@
1845-10-18;Celle, Niedersachsen, Deutschland;1845-10-25;Celle, Niedersachsen, Deutschland;Meinecke;Christian;m;Meinecke, Joachim;Müller;Lange, Sophie;"Wilhelmine Wöhler, Ehefrau; Ludwig Lange, Müller";@I295@;@I140@;@I141@
1846-02-09;Uelzen, Niedersachsen, Deutschland;1846-02-13;Uelzen, Niedersachsen, Deutschland;Harms;Auguste;w;Harms, Christian;Tagelöhner;Jürgens, Wilhelmine;"Hermann Schröder, Tischler; Catharine Hartmann, Ehefrau";@I313@;@I158@;@I159@
1846-06-19;Celle, Niedersachsen, Deutschland;1846-06-21;Celle, Niedersachsen, Deutschland;Behnke;Louise;w;Behnke, Georg;Müller;Wulf, Caroline;"Marie Bohlmann, Ehefrau; Carl Schnehage, Sattler";@I302@;@I120@;@I121@
1846-09-16;Celle, Niedersachsen, Deutschland;1846-09-22;Celle, Niedersachsen, Deutschland;Rosskamp;Friedrich;m;Rosskamp, Georg;Holzhauer;Wiebe, Sophie Dorothee;"Heinrich Voss, Sattler; Johanne Wiebe, Ehefrau";@I301@;@I146@;@I147@
1847-01-08;Amelinghausen, Lüneburg, Niedersachsen, Deutschland;1847-01-14;Amelinghausen, Lüneburg, Niedersachsen, Deutschland;Riebesell;Sophie;w;Riebesell, Ludwig;Tischler;Wiebe, Wilhelmine;;@I339@;@I188@;@I189@
1847-02-22;Delbrück, Paderborn, Nordrhein-Westfalen, Deutschland;1847-03-01;Delbrück, Paderborn, Nordrhein-Westfalen, Deutschland;Kleine;Franz;m;Kleine, Heinrich;Müller;Brinkmann, Maria Anna;"Wilhelm Wittkopf, Förster; Johanne Mohwinkel, Ehefrau";@I138@;@I194@;@I195@
1847-04-19;Amelinghausen, Lüneburg, Niedersachsen, Deutschland;1847-04-27;Amelinghausen, Lüneburg, Niedersachsen, Deutschland;Hartmann;Henriette;w;Hartmann, Heinrich Wilhelm;Bahnarbeiter;Jürgens, Sophie;;@I127@;@I172@;@I173@
1847-05-24;Dahlenburg, Lüneburg, Niedersachsen, Deutschland;1847-05-29;Dahlenburg, Lüneburg, Niedersachsen, Deutschland;Bruns;Caroline;w;Bruns, Heinrich Wilhelm;Maurer;Klingebiel, Auguste;"August Dierks, Sattler; Friederike Hinrichs, Ehefrau";@I133@;@I184@;@I185@
1848-03-28;Lüneburg, Niedersachsen, Deutschland;1848-03-30;Lüneburg, Niedersachsen, Deutschland;Marquardt;Caroline;w;Marquardt, Ludwig;Böttcher;Stegen, Sophie;"Sophie Müller, Ehefrau; Johann Friedrich Müller, Bahnarbeiter";@I327@;@I174@;@I175@
1848-04-22;Ebstorf, Uelzen, Niedersachsen, Deutschland;1848-04-24;Ebstorf, Uelzen, Niedersachsen, Deutschland;Wulf;Georg;m;Wulf, Ernst;Schmied;Voss, Catharine;;@I311@;@I154@;@I155@
1848-05-17;Hermannsburg, Celle, Niedersachsen, Deutschland;1848-05-25;Hermannsburg, Celle, Niedersachsen, Deutschland;Plate;Hermann;m;Plate, Friedrich;Anbauer;Ebeling, Dorothee;"Auguste Heitmann, Ehefrau; Johann Friedrich Burmester, Stellmacher";@I306@;@I150@;@I151@
1848-07-13;Ebstorf, Uelzen, Niedersachsen, Deutschland;1848-07-16;Ebstorf, Uelzen, Niedersachsen, Deutschland;Schnehage;Charlotte;w;Schnehage, Ludwig;Krüger;Meyer, Louise;"Johanne Gaede, Ehefrau; August Burmester, Anbauer";@I125@;@I164@;@I165@
1848-08-21;Amelinghausen, Lüneburg, Niedersachsen, Deutschland;1848-08-27;Amelinghausen, Lüneburg, Niedersachsen, Deutschland;Schulze;Catharine;w;Schulze, Johann Friedrich;Hofbesitzer;Gaede, Catharine;;@I131@;@I180@;@I181@
1849-01-09;Eschede, Celle, Niedersachsen, Deutschland;1849-01-13;Eschede, Celle, Niedersachsen, Deutschland;Lüders;Wilhelmine;w;Lüders, Friedrich;Sattler;Oetzmann, Henriette;;@I304@;@I148@;@I149@
1849-02-23;Lüneburg, Niedersachsen, Deutschland;1849-03-01;Lüneburg, Niedersachsen, Deutschland;Brammer;Caroline;w;Brammer, Georg;Salinenarbeiter;Riebesell, Sophie Dorothee;"Ernst Peemöller, Förster; Sophie Riebesell, Ehefrau";@I137@;@I192@;@I193@
1849-05-18;Delbrück, Paderborn, Nordrhein-Westfalen, Deutschland;1849-05-20;Delbrück, Paderborn, Nordrhein-Westfalen, Deutschland;Kleine;Wilhelm;m;Kleine, Heinrich;Müller;Brinkmann, Maria Anna;"August Hartmann, Schuhmacher; Catharine Kröger, Ehefrau";@I343@;@I194@;@I195@
1849-12-20;Paderborn, Nordrhein-Westfalen, Deutschland;1849-12-26;Paderborn, Nordrhein-Westfalen, Deutschland;Rüther;Franziska;w;Rüther, Anton;Landwirt;Kleine, Elisabeth;"Heinrich Oetzmann, Schmied; Wilhelmine Garbers, Ehefrau";@I139@;@I196@;@I197@
1850-07-13;Ebstorf, Uelzen, Niedersachsen, Deutschland;1850-07-21;Ebstorf, Uelzen, Niedersachsen, Deutschland;Wulf;Ernst;m;Wulf, Ernst;Schmied;Voss, Catharine;;@I312@;@I154@;@I155@
1850-11-14;Uelzen, Niedersachsen, Deutschland;1850-11-21;Uelzen, Niedersachsen, Deutschland;Harms;Wilhelmine;w;Harms, Christian;Tagelöhner;Jürgens, Wilhelmine;"Carl Könecke, Tischler; Charlotte Thies, Ehefrau";@I314@;@I158@;@I159@
1851-01-15;Eschede, Celle, Niedersachsen, Deutschland;1851-01-22;Eschede, Celle, Niedersachsen, Deutschland;Lüders;Dorothee;w;Lüders, Friedrich;Sattler;Oetzmann, Henriette;;@I305@;@I148@;@I149@
1851-02-07;Ebstorf, Uelzen, Niedersachsen, Deutschland;1851-02-14;Ebstorf, Uelzen, Niedersachsen, Deutschland;Schnehage;Johann Heinrich;m;Schnehage, Ludwig;Krüger;Meyer, Louise;"Wilhelmine Niebuhr, Ehefrau; Heinrich Hartmann, Lehrer";@I318@;@I164@;@I165@
1851-06-15;Lüneburg, Niedersachsen, Deutschland;1851-06-19;Lüneburg, Niedersachsen, Deutschland;Brammer;Ludwig;m;Brammer, Georg;Salinenarbeiter;Riebesell, Sophie Dorothee;"August Hartmann, Tischler; Sophie Plate, Ehefrau";@I341@;@I192@;@I193@
1851-06-27;Amelinghausen, Lüneburg, Niedersachsen, Deutschland;1851-07-05;Amelinghausen, Lüneburg, Niedersachsen, Deutschland;Krümmel;Sophie Dorothee;w;Krümmel, Hermann;Halbhöfner;Ohlhoff, Charlotte;"Friederike Schnehage, Ehefrau; Wilhelm Mohwinkel, Schuhmacher";@I335@;@I182@;@I183@
1852-03-06;Celle, Niedersachsen, Deutschland;1852-03-14;Celle, Niedersachsen, Deutschland;Meinecke;Hermann;m;Meinecke, Joachim;Müller;Lange, Sophie;"Friedrich Voss, Bahnarbeiter; Wilhelmine Könecke, Ehefrau";@I296@;@I140@;@I141@
1852-07-13;Dahlenburg, Lüneburg, Niedersachsen, Deutschland;1852-07-18;Dahlenburg, Lüneburg, Niedersachsen, Deutschland;Bruns;Sophie;w;Bruns, Heinrich Wilhelm;Maurer;Klingebiel, Auguste;"Dorothee Meyer, Ehefrau; Carl Bohlmann, Tischler";@I336@;@I184@;@I185@
1852-12-15;Amelinghausen, Lüneburg, Niedersachsen, Deutschland;1852-12-20;Amelinghausen, Lüneburg, Niedersachsen, Deutschland;Schulze;Marie;w;Schulze, Johann Friedrich;Hofbesitzer;Gaede, Catharine;;@I333@;@I180@;@I181@
1852-12-28;Celle, Niedersachsen, Deutschland;1853-01-04;Celle, Niedersachsen, Deutschland;Brandes;Wilhelmine;w;Brandes, Georg;Leinweber;Burmester, Wilhelmine;"Catharine Müller, Ehefrau; Heinrich Brammer, Stellmacher";@I299@;@I144@;@I145@
1853-10-20;Lüneburg, Niedersachsen, Deutschland;1853-10-28;Lüneburg, Niedersachsen, Deutschland;Brammer;Louise;w;Brammer, Georg;Salinenarbeiter;Riebesell, Sophie Dorothee;"Sophie Dorothee Oetzmann, Ehefrau; Wilhelm Gaede, Landwirt";@I342@;@I192@;@I193@
1853-11-11;Amelinghausen, Lüneburg, Niedersachsen, Deutschland;1853-11-16;Amelinghausen, Lüneburg, Niedersachsen, Deutschland;Hartmann;Johann Heinrich;m;Hartmann, Heinrich Wilhelm;Bahnarbeiter;Jürgens, Sophie;;@I325@;@I172@;@I173@
1853-12-24;Delbrück, Paderborn, Nordrhein-Westfalen, Deutschland;1854-01-02;Delbrück, Paderborn, Nordrhein-Westfalen, Deutschland;Kleine;Franz Anton;m;Kleine, Heinrich;Müller;Brinkmann, Maria Anna;"Wilhelmine Oetzmann, Ehefrau; Johann Friedrich Kröger, Stellmacher";@I344@;@I194@;@I195@
1854-11-14;Celle, Niedersachsen, Deutschland;1854-11-16;Celle, Niedersachsen, Deutschland;Brandes;Johanne;w;Brandes, Georg;Leinweber;Burmester, Wilhelmine;"Georg Gerdau, Zimmermann; Johanne Jürgens, Ehefrau";@I300@;@I144@;@I145@
1854-12-08;Ebstorf, Uelzen, Niedersachsen, Deutschland;1854-12-16;Ebstorf, Uelzen, Niedersachsen, Deutschland;Schnehage;Wilhelm;m;Schnehage, Ludwig;Krüger;Meyer, Louise;"Wilhelmine Winkelmann, Ehefrau; Wilhelm Kahle, Schmied";@I320@;@I164@;@I165@
1855-01-14;Celle, Niedersachsen, Deutschland;1855-01-22;Celle, Niedersachsen, Deutschland;Meinecke;Ernst;m;Meinecke, Joachim;Müller;Lange, Sophie;"August Klingebiel, Schmied; Johanne Wrede, Ehefrau";@I297@;@I140@;@I141@
1855-01-19;Paderborn, Nordrhein-Westfalen, Deutschland;1855-01-22;Paderborn, Nordrhein-Westfalen, Deutschland;Rüther;Elisabeth;w;Rüther, Anton;Landwirt;Kleine, Elisabeth;"Ludwig Schröder, Sattler; Marie Ohlhoff, Ehefrau";@I348@;@I196@;@I197@
1855-02-25;Amelinghausen, Lüneburg, Niedersachsen, Deutschland;1855-03-05;Amelinghausen, Lüneburg, Niedersachsen, Deutschland;Hartmann;Sophie Dorothee;w;Hartmann, Heinrich Wilhelm;Bahnarbeiter;Jürgens, Sophie;;@I326@;@I172@;@I173@
1855-08-13;Dahlenburg, Lüneburg, Niedersachsen, Deutschland;1855-08-21;Dahlenburg, Lüneburg, Niedersachsen, Deutschland;Bruns;Ernst;m;Bruns, Heinrich Wilhelm;Maurer;Klingebiel, Auguste;"Christian Garbers, Lehrer; Marie Voss, Ehefrau";@I337@;@I184@;@I185@
1855-08-22;Amelinghausen, Lüneburg, Niedersachsen, Deutschland;1855-08-25;Amelinghausen, Lüneburg, Niedersachsen, Deutschland;Schulze;Ernst;m;Schulze, Johann Friedrich;Hofbesitzer;Gaede, Catharine;;@I332@;@I180@;@I181@
1857-10-28;Paderborn, Nordrhein-Westfalen, Deutschland;1857-11-04;Paderborn, Nordrhein-Westfalen, Deutschland;Rüther;Johann Bernhard;m;Rüther, Anton;Landwirt;Kleine, Elisabeth;"Wilhelmine Jürgens, Ehefrau; Christian Tödter, Landwirt";@I347@;@I196@;@I197@
1858-05-23;Delbrück, Paderborn, Nordrhein-Westfalen, Deutschland;1858-05-25;Delbrück, Paderborn, Nordrhein-Westfalen, Deutschland;Kleine;Franz Anton;m;Kleine, Heinrich;Müller;Brinkmann, Maria Anna;"August Bohlmann, Maurer; Catharine Peemöller, Ehefrau";@I345@;@I194@;@I195@
1859-12-28;Celle, Niedersachsen, Deutschland;1860-01-04;Celle, Niedersachsen, Deutschland;Bartels;Hinrich;m;;;;;@I63@;;
1860-01-30;Eschede, Celle, Niedersachsen, Deutschland;1860-02-08;Eschede, Celle, Niedersachsen, Deutschland;Meyerhof;Wilhelm;m;Meyerhof, Ludwig;Hofbesitzer;Falkenrath, Sophie Dorothee;;@I61@;@I59@;@I58@
1860-05-27;Uelzen, Niedersachsen, Deutschland;1860-05-30;Uelzen, Niedersachsen, Deutschland;Gerdau;Auguste;w;Gerdau, Johann Friedrich;Müller;Riebesell, Marie;"Georg Rabe, Schuhmacher; Sophie Heuer, Ehefrau";@I315@;@I160@;@I161@
1861-08-10;Ebstorf, Uelzen, Niedersachsen, Deutschland;1861-08-17;Ebstorf, Uelzen, Niedersachsen, Deutschland;Schnehage;Emma;w;Schnehage, Ludwig;Krüger;Meyer, Louise;"Wilhelm Harms, Zimmermann; Friederike Dierks, Ehefrau";@I319@;@I164@;@I165@
1862-02-10;Delbrück, Paderborn, Nordrhein-Westfalen, Deutschland;1862-02-13;Delbrück, Paderborn, Nordrhein-Westfalen, Deutschland;Kleine;Johann Bernhard;m;Kleine, Heinrich;Müller;Brinkmann, Maria Anna;"Sophie Dorothee Mohwinkel, Ehefrau; August Wiebe, Schmied";@I346@;@I194@;@I195@
1862-03-11;Lüneburg, Niedersachsen, Deutschland;1862-03-16;Lüneburg, Niedersachsen, Deutschland;Ilgner;Ernst;m;Ilgner, Johann;Salinenarbeiter;Reese, Dorothee;;@I46@;@I101@;@I102@
1864-04-09;Lüneburg, Niedersachsen, Deutschland;1864-04-17;Lüneburg, Niedersachsen, Deutschland;Marquardt;Karl;m;Marquardt, Carl;Böttcher;Müller, Louise;;@I106@;@I128@;@I129@
1864-05-02;Celle, Niedersachsen, Deutschland;1864-05-10;Celle, Niedersachsen, Deutschland;Falkenrath;Louise;w;Falkenrath, Friedrich Wilhelm;Zimmermann;Meinecke, Johanne;;@I62@;@I48@;@I49@
1865-05-23;Uelzen, Niedersachsen, Deutschland;1865-05-29;Uelzen, Niedersachsen, Deutschland;Oberlin;Johann;m;Oberlin, Hermann;Förster;Wulf, Caroline;;@I44@;@I116@;@I117@
1866-11-19;Celle, Niedersachsen, Deutschland;1866-11-28;Celle, Niedersachsen, Deutschland;Falkenrath;Carl;m;Falkenrath, Friedrich Wilhelm;Zimmermann;Meinecke, Johanne;;@I39@;@I48@;@I49@
1867-02-15;Uelzen, Niedersachsen, Deutschland;1867-02-23;Uelzen, Niedersachsen, Deutschland;Behnke;Otto;m;Behnke, Johann Heinrich;Hofbesitzer;Gerdau, Catharine;;@I104@;@I123@;@I122@
1867-11-19;Uelzen, Niedersachsen, Deutschland;1867-11-24;Uelzen, Niedersachsen, Deutschland;Oberlin;Otto;m;Oberlin, Hermann;Förster;Wulf, Caroline;;@I278@;@I116@;@I117@
1867-12-02;Lüneburg, Niedersachsen, Deutschland;1867-12-08;Lüneburg, Niedersachsen, Deutschland;Pohlmann;Auguste;w;Pohlmann, Johann Friedrich;Anbauer;Hartmann, Henriette;"Wilhelmine Jürgens, Ehefrau; Friedrich Gaede, Hofbesitzer";@I47@;@I126@;@I127@
1868-01-06;Amelinghausen, Lüneburg, Niedersachsen, Deutschland;1868-01-14;Amelinghausen, Lüneburg, Niedersachsen, Deutschland;Krümmel;Gustav;m;Krümmel, Ernst;Müller;Bruns, Caroline;;@I108@;@I132@;@I133@
1868-01-30;Celle, Niedersachsen, Deutschland;1868-02-03;Celle, Niedersachsen, Deutschland;Rosskamp;August;m;Rosskamp, Johann Friedrich;Stellmacher;Behnke, Charlotte;;@I42@;@I112@;@I113@
1868-05-19;Bienenbüttel, Uelzen, Niedersachsen, Deutschland;1868-05-28;Bienenbüttel, Uelzen, Niedersachsen, Deutschland;Winkelmann;Anna;w;Winkelmann, Hermann;Müller;Riebesell, Dorothee;;@I109@;@I134@;@I135@
1869-04-18;Bienenbüttel, Uelzen, Niedersachsen, Deutschland;1869-04-24;Bienenbüttel, Uelzen, Niedersachsen, Deutschland;Mohwinkel;Richard;m;Mohwinkel, Georg;Landwirt;Schulze, Catharine;;@I289@;@I130@;@I131@
1869-08-02;Eschede, Celle, Niedersachsen, Deutschland;1869-08-05;Eschede, Celle, Niedersachsen, Deutschland;Falkenrath;Karl;m;Falkenrath, Johann Friedrich;Anbauer;Eggers, Charlotte;;@I374@;@I371@;@I373@
1869-08-07;Celle, Niedersachsen, Deutschland;1869-08-12;Celle, Niedersachsen, Deutschland;Falkenrath;Ernst;m;Falkenrath, Friedrich Wilhelm;Zimmermann;Meinecke, Johanne;;@I65@;@I48@;@I49@
1869-10-16;Uelzen, Niedersachsen, Deutschland;1869-10-23;Uelzen, Niedersachsen, Deutschland;Drewes;Wilhelmine;w;Drewes, Christian;Förster;Harms, Charlotte;;@I45@;@I118@;@I119@
1870-06-08;Celle, Niedersachsen, Deutschland;1870-06-12;Celle, Niedersachsen, Deutschland;Wichmann;Dorothea;w;Wichmann, Christian;Schuhmacher;Brandes, Luise;;@I40@;@I50@;@I51@
1870-06-19;Celle, Niedersachsen, Deutschland;1870-06-25;Celle, Niedersachsen, Deutschland;Rosskamp;Walter;m;Rosskamp, Johann Friedrich;Stellmacher;Behnke, Charlotte;;@I273@;@I112@;@I113@
1870-06-23;Celle, Niedersachsen, Deutschland;1870-06-29;Celle, Niedersachsen, Deutschland;Steinbach;Clara;w;;;;;@I66@;;
1870-10-11;Lüneburg, Niedersachsen, Deutschland;1870-10-18;Lüneburg, Niedersachsen, Deutschland;Hagedorn;August;m;Hagedorn, August;Schmied;Brammer, Caroline;"Hermann Rathmann, Landwirt; Johanne Wrede, Ehefrau";@I110@;@I136@;@I137@
1871-06-18;Uelzen, Niedersachsen, Deutschland;1871-06-24;Uelzen, Niedersachsen, Deutschland;Drewes;Emma;w;Drewes, Christian;Förster;Harms, Charlotte;;@I280@;@I118@;@I119@
1871-08-28;Eschede, Celle, Niedersachsen, Deutschland;1871-09-06;Eschede, Celle, Niedersachsen, Deutschland;Falkenrath;Frieda;w;Falkenrath, Johann Friedrich;Anbauer;Eggers, Charlotte;;@I375@;@I371@;@I373@
1871-11-24;Bienenbüttel, Uelzen, Niedersachsen, Deutschland;1871-12-03;Bienenbüttel, Uelzen, Niedersachsen, Deutschland;Mohwinkel;Minna;w;Mohwinkel, Georg;Landwirt;Schulze, Catharine;;@I107@;@I130@;@I131@
1872-04-14;Eschede, Celle, Niedersachsen, Deutschland;1872-04-22;Eschede, Celle, Niedersachsen, Deutschland;Lüders;Sophie;w;Lüders, Ernst;Schuhmacher;Plate, Friederike;;@I43@;@I114@;@I115@
1872-11-08;Celle, Niedersachsen, Deutschland;1872-11-10;Celle, Niedersachsen, Deutschland;Rosskamp;Wilhelm;m;Rosskamp, Johann Friedrich;Stellmacher;Behnke, Charlotte;;@I271@;@I112@;@I113@
1873-02-11;Lüneburg, Niedersachsen, Deutschland;1873-02-14;Lüneburg, Niedersachsen, Deutschland;Pohlmann;Ernst;m;Pohlmann, Johann Friedrich;Anbauer;Hartmann, Henriette;;@I286@;@I126@;@I127@
1873-04-13;Hermannsburg, Celle, Niedersachsen, Deutschland;1873-04-18;Hermannsburg, Celle, Niedersachsen, Deutschland;Ohlhoff;Fritz;m;;;;;@I379@;;
1873-09-04;Uelzen, Niedersachsen, Deutschland;1873-09-13;Uelzen, Niedersachsen, Deutschland;Oberlin;Bertha;w;Oberlin, Hermann;Förster;Wulf, Caroline;;@I277@;@I116@;@I117@
1873-09-08;Bad Bevensen, Uelzen, Niedersachsen, Deutschland;1873-09-17;Bad Bevensen, Uelzen, Niedersachsen, Deutschland;Cordes;Martha;w;Cordes, Wilhelm;Maurer;Schnehage, Charlotte;;@I105@;@I124@;@I125@
1873-12-03;Bienenbüttel, Uelzen, Niedersachsen, Deutschland;1873-12-08;Bienenbüttel, Uelzen, Niedersachsen, Deutschland;Mohwinkel;Paul;m;Mohwinkel, Georg;Landwirt;Schulze, Catharine;;@I290@;@I130@;@I131@
1874-04-11;Paderborn, Nordrhein-Westfalen, Deutschland;1874-04-15;Paderborn, Nordrhein-Westfalen, Deutschland;Kleine;Anna Maria;w;Kleine, Franz;Schuhmacher;Rüther, Franziska;;@I111@;@I138@;@I139@
1874-08-24;Eschede, Celle, Niedersachsen, Deutschland;1874-08-28;Eschede, Celle, Niedersachsen, Deutschland;Falkenrath;Friedrich;m;Falkenrath, Johann Friedrich;Anbauer;Eggers, Charlotte;;@I376@;@I371@;@I373@
1874-11-08;Bienenbüttel, Uelzen, Niedersachsen, Deutschland;1874-11-16;Bienenbüttel, Uelzen, Niedersachsen, Deutschland;Winkelmann;Gustav;m;Winkelmann, Hermann;Müller;Riebesell, Dorothee;;@I292@;@I134@;@I135@
1875-02-27;Uelzen, Niedersachsen, Deutschland;1875-03-03;Uelzen, Niedersachsen, Deutschland;Oberlin;Marie;w;Oberlin, Hermann;Förster;Wulf, Caroline;;@I276@;@I116@;@I117@
1876-08-14;Eschede, Celle, Niedersachsen, Deutschland;1876-08-17;Eschede, Celle, Niedersachsen, Deutschland;Falkenrath;Frieda;w;Falkenrath, Johann Friedrich;Anbauer;Eggers, Charlotte;;@I377@;@I371@;@I373@
1876-12-05;Celle, Niedersachsen, Deutschland;1876-12-07;Celle, Niedersachsen, Deutschland;Rosskamp;Minna;w;Rosskamp, Johann Friedrich;Stellmacher;Behnke, Charlotte;;@I270@;@I112@;@I113@
1877-06-22;Eschede, Celle, Niedersachsen, Deutschland;1877-06-25;Eschede, Celle, Niedersachsen, Deutschland;Lüders;Hermann;m;Lüders, Ernst;Schuhmacher;Plate, Friederike;;@I274@;@I114@;@I115@
1877-10-05;Bienenbüttel, Uelzen, Niedersachsen, Deutschland;1877-10-14;Bienenbüttel, Uelzen, Niedersachsen, Deutschland;Winkelmann;Anna;w;Winkelmann, Hermann;Müller;Riebesell, Dorothee;;@I291@;@I134@;@I135@
1879-01-14;Uelzen, Niedersachsen, Deutschland;1879-01-16;Uelzen, Niedersachsen, Deutschland;Oberlin;Walter;m;Oberlin, Hermann;Förster;Wulf, Caroline;;@I279@;@I116@;@I117@
1879-02-28;Bienenbüttel, Uelzen, Niedersachsen, Deutschland;1879-03-05;Bienenbüttel, Uelzen, Niedersachsen, Deutschland;Mohwinkel;Marie;w;Mohwinkel, Georg;Landwirt;Schulze, Catharine;;@I287@;@I130@;@I131@
1879-06-05;Bad Bevensen, Uelzen, Niedersachsen, Deutschland;1879-06-11;Bad Bevensen, Uelzen, Niedersachsen, Deutschland;Cordes;Emilie;w;Cordes, Wilhelm;Maurer;Schnehage, Charlotte;;@I281@;@I124@;@I125@
1879-10-08;Eschede, Celle, Niedersachsen, Deutschland;1879-10-14;Eschede, Celle, Niedersachsen, Deutschland;Lüders;Richard;m;Lüders, Ernst;Schuhmacher;Plate, Friederike;;@I275@;@I114@;@I115@
1880-03-17;Celle, Niedersachsen, Deutschland;1880-03-23;Celle, Niedersachsen, Deutschland;Rosskamp;August;m;Rosskamp, Johann Friedrich;Stellmacher;Behnke, Charlotte;;@I272@;@I112@;@I113@
1880-12-03;Eschede, Celle, Niedersachsen, Deutschland;1880-12-11;Eschede, Celle, Niedersachsen, Deutschland;Falkenrath;Otto;m;Falkenrath, Johann Friedrich;Anbauer;Eggers, Charlotte;;@I378@;@I371@;@I373@
1883-08-22;Bad Bevensen, Uelzen, Niedersachsen, Deutschland;1883-08-24;Bad Bevensen, Uelzen, Niedersachsen, Deutschland;Cordes;August;m;Cordes, Wilhelm;Maurer;Schnehage, Charlotte;;@I284@;@I124@;@I125@
1884-01-17;Beedenbostel, Celle, Niedersachsen, Deutschland;1884-01-20;Beedenbostel, Celle, Niedersachsen, Deutschland;Garbers;Anna;w;;;;;@I384@;;
1884-01-28;Lüneburg, Niedersachsen, Deutschland;1884-02-02;Lüneburg, Niedersachsen, Deutschland;Pohlmann;Otto;m;Pohlmann, Johann Friedrich;Anbauer;Hartmann, Henriette;;@I285@;@I126@;@I127@
1885-01-22;Lüneburg, Niedersachsen, Deutschland;1885-01-24;Lüneburg, Niedersachsen, Deutschland;Hagedorn;Wilhelm;m;Hagedorn, August;Schmied;Brammer, Caroline;"Hermann Lühmann, Anbauer; Henriette Harms, Ehefrau";@I293@;@I136@;@I137@
1885-03-18;Bienenbüttel, Uelzen, Niedersachsen, Deutschland;1885-03-21;Bienenbüttel, Uelzen, Niedersachsen, Deutschland;Mohwinkel;Emilie;w;Mohwinkel, Georg;Landwirt;Schulze, Catharine;;@I288@;@I130@;@I131@
1885-10-22;Bad Bevensen, Uelzen, Niedersachsen, Deutschland;1885-10-29;Bad Bevensen, Uelzen, Niedersachsen, Deutschland;Cordes;Wilhelm;m;Cordes, Wilhelm;Maurer;Schnehage, Charlotte;;@I283@;@I124@;@I125@
1888-04-05;Lüneburg, Niedersachsen, Deutschland;1888-04-13;Lüneburg, Niedersachsen, Deutschland;Hagedorn;Luise;w;Hagedorn, August;Schmied;Brammer, Caroline;"Wilhelmine Mohwinkel, Ehefrau; August Plate, Sattler";@I294@;@I136@;@I137@
1888-06-24;Bad Bevensen, Uelzen, Niedersachsen, Deutschland;1888-06-26;Bad Bevensen, Uelzen, Niedersachsen, Deutschland;Cordes;Friedrich;m;Cordes, Wilhelm;Maurer;Schnehage, Charlotte;;@I282@;@I124@;@I125@
1890-01-25;Hannover, Niedersachsen, Deutschland;1890-02-03;Hannover, Niedersachsen, Deutschland;Timmermann;Albert;m;;;;;@I76@;;
1890-04-16;Celle, Niedersachsen, Deutschland;1890-04-25;Celle, Niedersachsen, Deutschland;Bartels;Emma;w;Bartels, Hinrich;Sattler;Falkenrath, Louise;;@I64@;@I63@;@I62@
1892-09-05;Milwaukee, Wisconsin, USA;;;Falkenrath;Walter;m;Falkenrath, Ernst;Zimmermann, später Bauunternehmer;Steinbach, Clara;;@I67@;@I65@;@I66@
1894-09-27;Celle, Niedersachsen, Deutschland;1894-10-01;Celle, Niedersachsen, Deutschland;Falkenrath;Marie;w;Falkenrath, Carl;Zimmermann;Wichmann, Dorothea;;@I41@;@I39@;@I40@
1895-02-04;Uelzen, Niedersachsen, Deutschland;1895-02-08;Uelzen, Niedersachsen, Deutschland;Oberlin;Heinrich;m;Oberlin, Johann;Landwirt;Drewes, Wilhelmine;;@I98@;@I44@;@I45@
1895-07-07;Lüneburg, Niedersachsen, Deutschland;1895-07-12;Lüneburg, Niedersachsen, Deutschland;Ilgner;Hermann;m;Ilgner, Ernst;Salinenarbeiter;Pohlmann, Auguste;Louise Behrens, Ehefrau des Stellmachers Heinrich Behrens zu Lüneburg;@I30@;@I46@;@I47@
1895-07-15;Eschede, Celle, Niedersachsen, Deutschland;1895-07-20;Eschede, Celle, Niedersachsen, Deutschland;Ohlhoff;Frieda;w;Ohlhoff, Fritz;Anbauer;Falkenrath, Frieda;;@I380@;@I379@;@I375@
1895-07-27;Unterlüß, Celle, Niedersachsen, Deutschland;1895-08-05;Unterlüß, Celle, Niedersachsen, Deutschland;Wrede;Gustav;m;;;;;@I389@;;
1895-11-27;Milwaukee, Wisconsin, USA;;;Falkenrath;Ernest;m;Falkenrath, Ernst;Zimmermann, später Bauunternehmer;Steinbach, Clara;;@I68@;@I65@;@I66@
1896-03-08;Milwaukee, Wisconsin, USA;;;Lindgren;Ruth;w;;;;;@I103@;;
1897-01-14;Eschede, Celle, Niedersachsen, Deutschland;1897-01-20;Eschede, Celle, Niedersachsen, Deutschland;Ohlhoff;Elise;w;Ohlhoff, Fritz;Anbauer;Falkenrath, Frieda;;@I381@;@I379@;@I375@
1897-04-26;Celle, Niedersachsen, Deutschland;1897-05-01;Celle, Niedersachsen, Deutschland;Falkenrath;Heinrich;m;Falkenrath, Carl;Zimmermann;Wichmann, Dorothea;Friedrich Plate, Anbauer zu Celle;@I21@;@I39@;@I40@
1898-03-11;Celle, Niedersachsen, Deutschland;1898-03-19;Celle, Niedersachsen, Deutschland;Rosskamp;Ludwig;m;Rosskamp, August;Gastwirt;Lüders, Sophie;;@I79@;@I42@;@I43@
1898-03-29;Lüneburg, Niedersachsen, Deutschland;1898-04-03;Lüneburg, Niedersachsen, Deutschland;Marquardt;Elise;w;Marquardt, Karl;Sattler;Mohwinkel, Minna;Heinrich Müller, Schmied zu Lüneburg;@I31@;@I106@;@I107@
1898-05-08;Celle, Niedersachsen, Deutschland;1898-05-13;Celle, Niedersachsen, Deutschland;Behrens;Karl;m;;;;;@I72@;;
1899-06-22;Uelzen, Niedersachsen, Deutschland;1899-06-24;Uelzen, Niedersachsen, Deutschland;Lüdemann;Minna;w;;;;;@I99@;;
1899-07-03;Celle, Niedersachsen, Deutschland;1899-07-05;Celle, Niedersachsen, Deutschland;Falkenrath;Wilhelm;m;Falkenrath, Carl;Zimmermann;Wichmann, Dorothea;;@I70@;@I39@;@I40@
1899-10-02;Uelzen, Niedersachsen, Deutschland;1899-10-11;Uelzen, Niedersachsen, Deutschland;Oberlin;Georg;m;Oberlin, Johann;Landwirt;Drewes, Wilhelmine;Heinrich Stöver, Gastwirt zu Uelzen;@I28@;@I44@;@I45@
1900-03-26;Eschede, Celle, Niedersachsen, Deutschland;1900-04-04;Eschede, Celle, Niedersachsen, Deutschland;Ohlhoff;Hedwig;w;Ohlhoff, Fritz;Anbauer;Falkenrath, Frieda;;@I382@;@I379@;@I375@
1901-08-13;Celle, Niedersachsen, Deutschland;1901-08-21;Celle, Niedersachsen, Deutschland;Rosskamp;Anna;w;Rosskamp, August;Gastwirt;Lüders, Sophie;;@I22@;@I42@;@I43@
1902-02-14;Celle, Niedersachsen, Deutschland;1902-02-17;Celle, Niedersachsen, Deutschland;Falkenrath;Martha;w;Falkenrath, Carl;Zimmermann;Wichmann, Dorothea;;@I71@;@I39@;@I40@
1902-05-01;Lüneburg, Niedersachsen, Deutschland;1902-05-03;Lüneburg, Niedersachsen, Deutschland;Krümmel;Paul;m;Krümmel, Gustav;Tischler;Winkelmann, Anna;Marie Peters, Ehefrau des Maurers Walter Peters, Lüneburg;@I32@;@I108@;@I109@
1902-05-25;Eschede, Celle, Niedersachsen, Deutschland;1902-05-31;Eschede, Celle, Niedersachsen, Deutschland;Stegen;Gerhard;m;;;;;@I393@;;
1903-09-05;Celle, Niedersachsen, Deutschland;1903-09-09;Celle, Niedersachsen, Deutschland;Rosskamp;Pauline;w;Rosskamp, August;Gastwirt;Lüders, Sophie;;@I38@;@I42@;@I43@
1903-10-11;Lüneburg, Niedersachsen, Deutschland;1903-10-20;Lüneburg, Niedersachsen, Deutschland;Hagedorn;Hans;m;Hagedorn, August;Salzsieder;Kleine, Anna Maria;;@I268@;@I110@;@I111@
1903-10-19;Hermannsburg, Celle, Niedersachsen, Deutschland;1903-10-24;Hermannsburg, Celle, Niedersachsen, Deutschland;Reinecke;Else;w;;;;;@I80@;;
1903-10-21;Lüneburg, Niedersachsen, Deutschland;1903-10-27;Lüneburg, Niedersachsen, Deutschland;Marquardt;Hans;m;Marquardt, Karl;Sattler;Mohwinkel, Minna;;@I264@;@I106@;@I107@
1904-01-04;Eschede, Celle, Niedersachsen, Deutschland;1904-01-06;Eschede, Celle, Niedersachsen, Deutschland;Ohlhoff;Heinz;m;Ohlhoff, Fritz;Anbauer;Falkenrath, Frieda;;@I383@;@I379@;@I375@
1904-02-18;Uelzen, Niedersachsen, Deutschland;1904-02-20;Uelzen, Niedersachsen, Deutschland;Behnke;Frieda;w;Behnke, Otto;Sattler;Cordes, Martha;Anna Hogrefe, Haustochter, Uelzen;@I29@;@I104@;@I105@
1904-12-17;Eschede, Celle, Niedersachsen, Deutschland;1904-12-26;Eschede, Celle, Niedersachsen, Deutschland;Falkenrath;Erich;m;Falkenrath, Otto;Landwirt;Garbers, Anna;;@I385@;@I378@;@I384@
1905-12-24;Lüneburg, Niedersachsen, Deutschland;1905-12-30;Lüneburg, Niedersachsen, Deutschland;Hagedorn;Berta;w;Hagedorn, August;Salzsieder;Kleine, Anna Maria;;@I33@;@I110@;@I111@
1906-01-24;Lüneburg, Niedersachsen, Deutschland;1906-01-31;Lüneburg, Niedersachsen, Deutschland;Krümmel;Heinz;m;Krümmel, Gustav;Tischler;Winkelmann, Anna;;@I265@;@I108@;@I109@
1906-09-16;Unterlüß, Celle, Niedersachsen, Deutschland;1906-09-19;Unterlüß, Celle, Niedersachsen, Deutschland;Schulze;Helmut;m;;;;;@I401@;;
1907-04-22;Eschede, Celle, Niedersachsen, Deutschland;1907-04-27;Eschede, Celle, Niedersachsen, Deutschland;Falkenrath;Irmgard;w;Falkenrath, Otto;Landwirt;Garbers, Anna;;@I386@;@I378@;@I384@
1908-05-17;Lüneburg, Niedersachsen, Deutschland;1908-05-19;Lüneburg, Niedersachsen, Deutschland;Krümmel;Erna;w;Krümmel, Gustav;Tischler;Winkelmann, Anna;;@I266@;@I108@;@I109@
1909-05-11;Hermannsburg, Celle, Niedersachsen, Deutschland;1909-05-19;Hermannsburg, Celle, Niedersachsen, Deutschland;Hinrichs;Käthe;w;;;;;@I398@;;
1909-09-27;Eschede, Celle, Niedersachsen, Deutschland;1909-10-01;Eschede, Celle, Niedersachsen, Deutschland;Falkenrath;Anneliese;w;Falkenrath, Otto;Landwirt;Garbers, Anna;;@I387@;@I378@;@I384@
1910-01-22;Unterlüß, Celle, Niedersachsen, Deutschland;1910-01-25;Unterlüß, Celle, Niedersachsen, Deutschland;Meyer;Werner;m;;;;;@I404@;;
1910-09-14;Lüneburg, Niedersachsen, Deutschland;1910-09-18;Lüneburg, Niedersachsen, Deutschland;Krümmel;Ilse;w;Krümmel, Gustav;Tischler;Winkelmann, Anna;;@I267@;@I108@;@I109@
1911-09-26;Hermannsburg, Celle, Niedersachsen, Deutschland;1911-09-28;Hermannsburg, Celle, Niedersachsen, Deutschland;Rathmann;Kurt;m;;;;;@I409@;;
1912-05-13;Eschede, Celle, Niedersachsen, Deutschland;1912-05-19;Eschede, Celle, Niedersachsen, Deutschland;Falkenrath;Ilse;w;Falkenrath, Otto;Landwirt;Garbers, Anna;;@I388@;@I378@;@I384@
1913-07-07;Lüneburg, Niedersachsen, Deutschland;1913-07-10;Lüneburg, Niedersachsen, Deutschland;Hagedorn;Rudolf;m;Hagedorn, August;Salzsieder;Kleine, Anna Maria;;@I269@;@I110@;@I111@
1914-04-10;Lüneburg, Niedersachsen, Deutschland;1914-04-14;Lüneburg, Niedersachsen, Deutschland;Oetzmann;Kurt;m;;;;;@I414@;;
1920-02-02;Hannover, Niedersachsen, Deutschland;1920-02-09;Hannover, Niedersachsen, Deutschland;Timmermann;Gertrud;w;Timmermann, Albert;Postbeamter;Falkenrath, Marie;;@I77@;@I76@;@I41@
1920-06-03;Eschede, Celle, Niedersachsen, Deutschland;1920-06-06;Eschede, Celle, Niedersachsen, Deutschland;Wrede;Gertrud;w;Wrede, Gustav;Kraftfahrer;Ohlhoff, Elise;;@I390@;@I389@;@I381@
1920-08-12;Milwaukee, Wisconsin, USA;;;Falkenrath;Helen;w;Falkenrath, Walter;Machinist;Lindgren, Ruth;;@I69@;@I67@;@I103@
1921-10-17;Hannover, Niedersachsen, Deutschland;1921-10-20;Hannover, Niedersachsen, Deutschland;Sandmann;Kurt;m;;;;;@I24@;;
1923-06-09;Hannover, Niedersachsen, Deutschland;1923-06-17;Hannover, Niedersachsen, Deutschland;Timmermann;Hans;m;Timmermann, Albert;Postbeamter;Falkenrath, Marie;;@I78@;@I76@;@I41@
1923-10-03;Eschede, Celle, Niedersachsen, Deutschland;1923-10-05;Eschede, Celle, Niedersachsen, Deutschland;Stegen;Günter;m;Stegen, Gerhard;Elektriker;Ohlhoff, Hedwig;;@I394@;@I393@;@I382@
1923-10-14;Eschede, Celle, Niedersachsen, Deutschland;1923-10-21;Eschede, Celle, Niedersachsen, Deutschland;Wrede;Günter;m;Wrede, Gustav;Kraftfahrer;Ohlhoff, Elise;;@I391@;@I389@;@I381@
1925-01-06;Celle, Niedersachsen, Deutschland;;;Falkenrath;Elfriede;w;Falkenrath, Heinrich;Tischler;Rosskamp, Anna;;@I23@;@I21@;@I22@
1925-07-23;Celle, Niedersachsen, Deutschland;;;Brammer;Herbert;m;;;;;@I429@;;
1925-08-06;Uelzen, Niedersachsen, Deutschland;;;Kass;Werner;m;;;;;@I36@;;
1925-10-04;Beedenbostel, Celle, Niedersachsen, Deutschland;;;Gerdau;Käthe;w;;;;;@I422@;;
1925-10-11;Hannover, Niedersachsen, Deutschland;;;Niebuhr;Hildegard;w;;;;;@I425@;;
1925-12-16;Uelzen, Niedersachsen, Deutschland;;;Oberlin;Hans;m;Oberlin, Heinrich;Hofbesitzer;Lüdemann, Minna;;@I100@;@I98@;@I99@
1926-04-10;Eschede, Celle, Niedersachsen, Deutschland;;;Stegen;Rudolf;m;Stegen, Gerhard;Elektriker;Ohlhoff, Hedwig;;@I395@;@I393@;@I382@
1926-07-30;Celle, Niedersachsen, Deutschland;;;Rosskamp;Herbert;m;Rosskamp, Ludwig;Gastwirt;Reinecke, Else;;@I81@;@I79@;@I80@
1926-09-11;Eschede, Celle, Niedersachsen, Deutschland;;;Wrede;Erna;w;Wrede, Gustav;Kraftfahrer;Ohlhoff, Elise;;@I392@;@I389@;@I381@
1926-09-19;Lüneburg, Niedersachsen, Deutschland;;;Ilgner;Friedrich;m;Ilgner, Hermann;Eisenbahner;Marquardt, Elise;;@I19@;@I30@;@I31@
1926-11-25;Lüneburg, Niedersachsen, Deutschland;;;Peters;Horst;m;;;;;@I83@;;
1927-02-12;Eschede, Celle, Niedersachsen, Deutschland;;;Schulze;Käthe;w;Schulze, Helmut;Elektriker;Falkenrath, Irmgard;;@I402@;@I401@;@I386@
1927-04-09;Eschede, Celle, Niedersachsen, Deutschland;;;Wöhler;Werner;m;;;;;@I437@;;
1927-05-22;Eschede, Celle, Niedersachsen, Deutschland;;;Wittkopf;Günter;m;;;;;@I433@;;
1927-12-20;Hamburg, Deutschland;;;Riebesell;Herbert;m;;;;;@I427@;;
1928-02-01;Bienenbüttel, Uelzen, Niedersachsen, Deutschland;;;Ebeling;Elfriede;w;;;;;@I419@;;
1928-02-08;Celle, Niedersachsen, Deutschland;;;Falkenrath;Wilhelm;m;Falkenrath, Heinrich;Tischler;Rosskamp, Anna;;@I15@;@I21@;@I22@
1928-03-20;Celle, Niedersachsen, Deutschland;;;Behrens;Hildegard;w;Behrens, Karl;Postschaffner;Falkenrath, Martha;;@I73@;@I72@;@I71@
1929-01-20;Uelzen, Niedersachsen, Deutschland;;;Oberlin;Mathilde;w;Oberlin, Georg;Landwirt;Behnke, Frieda;;@I35@;@I28@;@I29@
1929-04-18;Eschede, Celle, Niedersachsen, Deutschland;;;Schulze;Gerda;w;Schulze, Helmut;Elektriker;Falkenrath, Irmgard;;@I403@;@I401@;@I386@
1929-05-12;Celle, Niedersachsen, Deutschland;;;Thielbar;Gerda;w;;;;;@I17@;;
1929-07-17;Lüneburg, Niedersachsen, Deutschland;;;Ilgner;Irmgard;w;Ilgner, Hermann;Eisenbahner;Marquardt, Elise;;@I82@;@I30@;@I31@
1929-09-28;Eschede, Celle, Niedersachsen, Deutschland;;;Falkenrath;Elfriede;w;Falkenrath, Erich;Tischler;Hinrichs, Käthe;;@I399@;@I385@;@I398@
1929-12-01;Eschede, Celle, Niedersachsen, Deutschland;;;Stegen;Hans;m;Stegen, Gerhard;Elektriker;Ohlhoff, Hedwig;;@I396@;@I393@;@I382@
1930-03-22;Celle, Niedersachsen, Deutschland;;;Falkenrath;Otto;m;Falkenrath, Heinrich;Tischler;Rosskamp, Anna;;@I25@;@I21@;@I22@
1930-11-11;Lüneburg, Niedersachsen, Deutschland;;;Krümmel;Margarete;w;Krümmel, Paul;Bäckermeister;Hagedorn, Berta;;@I20@;@I32@;@I33@
1931-06-30;Uelzen, Niedersachsen, Deutschland;;;Oberlin;Hannelore;w;Oberlin, Georg;Landwirt;Behnke, Frieda;;@I16@;@I28@;@I29@
1931-08-11;Celle, Niedersachsen, Deutschland;;;Behrens;Günter;m;Behrens, Karl;Postschaffner;Falkenrath, Martha;;@I74@;@I72@;@I71@
1931-11-07;Eschede, Celle, Niedersachsen, Deutschland;;;Falkenrath;Erna;w;Falkenrath, Erich;Tischler;Hinrichs, Käthe;;@I400@;@I385@;@I398@
1932-06-26;Eschede, Celle, Niedersachsen, Deutschland;;;Stegen;Erna;w;Stegen, Gerhard;Elektriker;Ohlhoff, Hedwig;;@I397@;@I393@;@I382@
1933-03-03;Lüneburg, Niedersachsen, Deutschland;;;Krümmel;Heinz;m;Krümmel, Paul;Bäckermeister;Hagedorn, Berta;;@I34@;@I32@;@I33@
1933-04-01;Lüneburg, Niedersachsen, Deutschland;;;Bock;Manfred;m;;;;;@I96@;;
1933-06-09;Milwaukee, Wisconsin, USA;;;Keller;Dorothy;w;;;;;@I26@;;
1934-04-06;Eschede, Celle, Niedersachsen, Deutschland;;;Meyer;Erich;m;Meyer, Werner;Kaufmann;Falkenrath, Anneliese;;@I405@;@I404@;@I387@
1934-05-04;Celle, Niedersachsen, Deutschland;;;Kruse;Ingrid;w;;;;;@I85@;;
1934-07-22;Celle, Niedersachsen, Deutschland;;;Hoops;Hildegard;w;;;;;@I444@;;
1935-06-03;Ebstorf, Uelzen, Niedersachsen, Deutschland;;;Heitmann;Rudolf;m;;;;;@I450@;;
1935-12-17;Unterlüß, Celle, Niedersachsen, Deutschland;;;Garbers;Hildegard;w;;;;;@I440@;;
1936-02-14;Eschede, Celle, Niedersachsen, Deutschland;;;Meyer;Herbert;m;Meyer, Werner;Kaufmann;Falkenrath, Anneliese;;@I406@;@I404@;@I387@
1936-09-23;Lüneburg, Niedersachsen, Deutschland;;;Krümmel;Ilse;w;Krümmel, Paul;Bäckermeister;Hagedorn, Berta;;@I95@;@I32@;@I33@
1937-10-11;Celle, Niedersachsen, Deutschland;;;Soltmann;Kurt;m;;;;;@I456@;;
1938-02-06;Lüneburg, Niedersachsen, Deutschland;;;Mohwinkel;Heinz;m;;;;;@I447@;;
1938-09-15;Eschede, Celle, Niedersachsen, Deutschland;;;Rathmann;Herbert;m;Rathmann, Kurt;Kaufmann;Falkenrath, Ilse;;@I410@;@I409@;@I388@
1939-11-05;Eschede, Celle, Niedersachsen, Deutschland;;;Meyer;Elfriede;w;Meyer, Werner;Kaufmann;Falkenrath, Anneliese;;@I407@;@I404@;@I387@
1940-05-05;Eschede, Celle, Niedersachsen, Deutschland;;;Rathmann;Ilse;w;Rathmann, Kurt;Kaufmann;Falkenrath, Ilse;;@I411@;@I409@;@I388@
1941-07-11;Eschede, Celle, Niedersachsen, Deutschland;;;Meyer;Gisela;w;Meyer, Werner;Kaufmann;Falkenrath, Anneliese;;@I408@;@I404@;@I387@
1942-04-21;Hermannsburg, Celle, Niedersachsen, Deutschland;;;Rathmann;Brigitte;w;;;;;@I452@;;
1943-01-16;Braunschweig, Niedersachsen, Deutschland;;;Garbers;Klaus;m;;;;;@I462@;;
1943-01-24;Lüneburg, Niedersachsen, Deutschland;;;Oetzmann;Renate;w;Oetzmann, Kurt;Landwirt;Wrede, Gertrud;;@I415@;@I414@;@I390@
1943-02-02;Celle, Niedersachsen, Deutschland;;;Oetzmann;Gisela;w;;;;;@I454@;;
1943-02-28;Eschede, Celle, Niedersachsen, Deutschland;;;Rathmann;Frank;m;Rathmann, Kurt;Kaufmann;Falkenrath, Ilse;;@I412@;@I409@;@I388@
1947-05-21;Eschede, Celle, Niedersachsen, Deutschland;;;Rathmann;Sabine;w;Rathmann, Kurt;Kaufmann;Falkenrath, Ilse;;@I413@;@I409@;@I388@
1947-10-18;Lüneburg, Niedersachsen, Deutschland;;;Oetzmann;Wolfgang;m;Oetzmann, Kurt;Landwirt;Wrede, Gertrud;;@I416@;@I414@;@I390@
1949-03-02;Amelinghausen, Lüneburg, Niedersachsen, Deutschland;;;Rabe;Petra;w;;;;;@I464@;;
1949-04-25;Lüneburg, Niedersachsen, Deutschland;;;Oetzmann;Petra;w;Oetzmann, Kurt;Landwirt;Wrede, Gertrud;;@I417@;@I414@;@I390@
1949-07-04;Lüneburg, Niedersachsen, Deutschland;;;Wrede;Wolfgang;m;Wrede, Günter;Landwirt;Ebeling, Elfriede;;@I420@;@I391@;@I419@
1950-01-01;Hannover, Niedersachsen, Deutschland;;;Brammer;Ursula;w;Brammer, Herbert;Maschinenschlosser;Falkenrath, Elfriede;;@I430@;@I429@;@I399@
1951-05-09;Eschede, Celle, Niedersachsen, Deutschland;;;Wöhler;Wolfgang;m;Wöhler, Werner;Bahnbeamter;Schulze, Käthe;;@I438@;@I437@;@I402@
1951-07-24;Lüneburg, Niedersachsen, Deutschland;;;Wrede;Rainer;m;Wrede, Günter;Landwirt;Ebeling, Elfriede;;@I421@;@I391@;@I419@
1951-10-04;Hamburg, Deutschland;;;Riebesell;Peter;m;Riebesell, Herbert;Bahnbeamter;Stegen, Erna;;@I428@;@I427@;@I397@
1951-11-07;Hankensbüttel, Gifhorn, Niedersachsen, Deutschland;;;Lühmann;Ursula;w;;;;;@I480@;;
1952-01-14;Lüneburg, Niedersachsen, Deutschland;;;Oetzmann;Renate;w;Oetzmann, Kurt;Landwirt;Wrede, Gertrud;;@I418@;@I414@;@I390@
1952-03-02;Celle, Niedersachsen, Deutschland;;;Falkenrath;Dieter;m;Falkenrath, Wilhelm;Tischlermeister;Thielbar, Gerda;;@I18@;@I15@;@I17@
1952-04-18;Eschede, Celle, Niedersachsen, Deutschland;;;Wittkopf;Rainer;m;Wittkopf, Günter;Elektriker;Falkenrath, Erna;;@I434@;@I433@;@I400@
1952-08-26;Lüneburg, Niedersachsen, Deutschland;;;Meyer;Karin;w;;;;;@I458@;;
1953-02-08;Celle, Niedersachsen, Deutschland;;;Wrede;Frank;m;;;;;@I475@;;
1953-03-04;Eschede, Celle, Niedersachsen, Deutschland;;;Stegen;Karin;w;Stegen, Günter;Maschinenschlosser;Gerdau, Käthe;;@I423@;@I394@;@I422@
1954-02-17;Hannover, Niedersachsen, Deutschland;;;Brammer;Ursula;w;Brammer, Herbert;Maschinenschlosser;Falkenrath, Elfriede;;@I431@;@I429@;@I399@
1954-04-12;Unterlüß, Celle, Niedersachsen, Deutschland;;;Schulze;Michael;m;;;;;@I467@;;
1954-12-03;Eschede, Celle, Niedersachsen, Deutschland;;;Wöhler;Peter;m;Wöhler, Werner;Bahnbeamter;Schulze, Käthe;;@I439@;@I437@;@I402@
1955-11-03;Celle, Niedersachsen, Deutschland;;;Falkenrath;Bernd;m;Falkenrath, Wilhelm;Tischlermeister;Oberlin, Hannelore;;@I8@;@I15@;@I16@
1955-12-12;Uelzen, Niedersachsen, Deutschland;;;Kass;Birgit;w;Kass, Werner;Landmaschinenhändler;Oberlin, Mathilde;;@I37@;@I36@;@I35@
1956-02-28;Eschede, Celle, Niedersachsen, Deutschland;;;Wittkopf;Wolfgang;m;Wittkopf, Günter;Elektriker;Falkenrath, Erna;;@I435@;@I433@;@I400@
1957-01-26;Braunschweig, Niedersachsen, Deutschland;;;Stegen;Klaus;m;Stegen, Rudolf;Tischler;Niebuhr, Hildegard;;@I426@;@I395@;@I425@
1957-02-27;Uelzen, Niedersachsen, Deutschland;;;Marwede;Rolf;m;;;;;@I11@;;
1957-04-03;Hamburg, Deutschland;;;Hinrichs;Petra;w;;;;;@I473@;;
1957-09-22;Eschede, Celle, Niedersachsen, Deutschland;;;Stegen;Ursula;w;Stegen, Günter;Maschinenschlosser;Gerdau, Käthe;;@I424@;@I394@;@I422@
1957-10-06;Lüneburg, Niedersachsen, Deutschland;;;Peters;Jürgen;m;Peters, Horst;Zollbeamter;Ilgner, Irmgard;;@I84@;@I83@;@I82@
1958-01-21;Lüneburg, Niedersachsen, Deutschland;;;Ilgner;Karin;w;Ilgner, Friedrich;Schlosser;Krümmel, Margarete;;@I9@;@I19@;@I20@
1958-06-14;Celle, Niedersachsen, Deutschland;;;Behrens;Petra;w;Behrens, Günter;Elektriker;Kruse, Ingrid;;@I75@;@I74@;@I85@
1958-09-11;Hannover, Niedersachsen, Deutschland;;;Brammer;Peter;m;Brammer, Herbert;Maschinenschlosser;Falkenrath, Elfriede;;@I432@;@I429@;@I399@
1958-09-15;Milwaukee, Wisconsin, USA;;;Falkenrath;Robert;m;Falkenrath, Otto;Werkzeugmacher;Keller, Dorothy;;@I27@;@I25@;@I26@
1958-12-13;Braunschweig, Niedersachsen, Deutschland;;;Könecke;Ursula;w;;;;;@I478@;;
1959-02-08;Eschede, Celle, Niedersachsen, Deutschland;;;Wittkopf;Ursula;w;Wittkopf, Günter;Elektriker;Falkenrath, Erna;;@I436@;@I433@;@I400@
1959-08-16;Celle, Niedersachsen, Deutschland;;;Falkenrath;Ute;w;Falkenrath, Wilhelm;Tischlermeister;Oberlin, Hannelore;;@I10@;@I15@;@I16@
1960-01-30;Milwaukee, Wisconsin, USA;;;Miller;Susan;w;;;;;@I92@;;
1960-10-22;Lüneburg, Niedersachsen, Deutschland;;;Ahlers;Dirk;m;;;;;@I87@;;
1961-12-05;Lüneburg, Niedersachsen, Deutschland;;;Ilgner;Holger;m;Ilgner, Friedrich;Schlosser;Krümmel, Margarete;;@I14@;@I19@;@I20@
1962-02-27;Eschede, Celle, Niedersachsen, Deutschland;;;Soltmann;Petra;w;;;;;@I483@;;
1962-03-02;Lüneburg, Niedersachsen, Deutschland;;;Bock;Andrea;w;Bock, Manfred;Konditormeister;Krümmel, Ilse;;@I97@;@I96@;@I95@
1962-05-20;Eschede, Celle, Niedersachsen, Deutschland;;;Meyer;Helga;w;Meyer, Herbert;Elektroniker;Hoops, Hildegard;;@I445@;@I406@;@I444@
1962-10-08;Braunschweig, Niedersachsen, Deutschland;;;Mohwinkel;Helga;w;;;;;@I471@;;
1963-04-09;Lüneburg, Niedersachsen, Deutschland;;;Ilgner;Renate;w;Ilgner, Friedrich;Schlosser;Krümmel, Margarete;;@I86@;@I19@;@I20@
1963-09-17;Eschede, Celle, Niedersachsen, Deutschland;;;Rathmann;Michael;m;Rathmann, Herbert;Verwaltungsangestellter;Rathmann, Brigitte;;@I453@;@I410@;@I452@
1965-02-28;Uelzen, Niedersachsen, Deutschland;;;Heitmann;Gisela;w;Heitmann, Rudolf;Kaufmann;Meyer, Gisela;;@I451@;@I450@;@I408@
1966-03-14;Eschede, Celle, Niedersachsen, Deutschland;;;Meyer;Sabine;w;Meyer, Herbert;Elektroniker;Hoops, Hildegard;;@I446@;@I406@;@I444@
1966-10-20;Eschede, Celle, Niedersachsen, Deutschland;;;Meyer;Petra;w;Meyer, Erich;Ingenieur;Garbers, Hildegard;;@I441@;@I405@;@I440@
1968-01-25;Dahlenburg, Lüneburg, Niedersachsen, Deutschland;;;Schnehage;Thomas;m;;;;;@I486@;;
1968-08-20;Lüneburg, Niedersachsen, Deutschland;;;Mohwinkel;Frank;m;Mohwinkel, Heinz;Handwerksmeister;Meyer, Elfriede;;@I448@;@I447@;@I407@
1970-12-23;Eschede, Celle, Niedersachsen, Deutschland;;;Meyer;Petra;w;Meyer, Erich;Ingenieur;Garbers, Hildegard;;@I442@;@I405@;@I440@
1971-02-05;Hamburg, Deutschland;;;Gaede;Hanna;w;;;;;@I490@;;
1972-05-11;Eschede, Celle, Niedersachsen, Deutschland;;;Meyer;Lina;w;Meyer, Erich;Ingenieur;Garbers, Hildegard;;@I443@;@I405@;@I440@
1972-10-11;Lüneburg, Niedersachsen, Deutschland;;;Mohwinkel;Katrin;w;Mohwinkel, Heinz;Handwerksmeister;Meyer, Elfriede;;@I449@;@I447@;@I407@
1972-10-20;Braunschweig, Niedersachsen, Deutschland;;;Soltmann;Nicole;w;Soltmann, Kurt;Informatiker;Oetzmann, Renate;;@I457@;@I456@;@I415@
1973-02-04;Hannover, Niedersachsen, Deutschland;;;Garbers;Hanna;w;Garbers, Klaus;Handwerksmeister;Oetzmann, Petra;;@I463@;@I462@;@I417@
1973-03-07;Eschede, Celle, Niedersachsen, Deutschland;;;Rathmann;Emma;w;Rathmann, Frank;Informatiker;Oetzmann, Gisela;;@I455@;@I412@;@I454@
1974-01-04;Lüneburg, Niedersachsen, Deutschland;;;Oetzmann;Lea;w;Oetzmann, Wolfgang;Elektroniker;Meyer, Karin;;@I459@;@I416@;@I458@
1974-07-09;Hannover, Niedersachsen, Deutschland;;;Wrede;Nicole;w;Wrede, Frank;Kaufmann;Brammer, Ursula;;@I476@;@I475@;@I431@
1976-12-26;Hannover, Niedersachsen, Deutschland;;;Wrede;Sarah;w;Wrede, Frank;Kaufmann;Brammer, Ursula;;@I477@;@I475@;@I431@
1977-06-23;Hamburg, Deutschland;;;Riebesell;Sebastian;m;Riebesell, Peter;Landwirt;Hinrichs, Petra;;@I474@;@I428@;@I473@
1977-07-18;Lüneburg, Niedersachsen, Deutschland;;;Oetzmann;Lea;w;Oetzmann, Wolfgang;Elektroniker;Meyer, Karin;;@I460@;@I416@;@I458@
1979-09-11;Lüneburg, Niedersachsen, Deutschland;;;Wrede;Jonas;m;Wrede, Rainer;Ingenieur;Rabe, Petra;;@I465@;@I421@;@I464@
1979-11-15;Lüneburg, Niedersachsen, Deutschland;;;Oetzmann;Emma;w;Oetzmann, Wolfgang;Elektroniker;Meyer, Karin;;@I461@;@I416@;@I458@
1982-02-19;Braunschweig, Niedersachsen, Deutschland;;;Stegen;Lukas;m;Stegen, Klaus;Handwerksmeister;Mohwinkel, Helga;;@I472@;@I426@;@I471@
1983-03-03;Lüneburg, Niedersachsen, Deutschland;;;Wrede;Tobias;m;Wrede, Rainer;Ingenieur;Rabe, Petra;;@I466@;@I421@;@I464@
1983-10-19;Uelzen, Niedersachsen, Deutschland;;;Wittkopf;Hanna;w;Wittkopf, Rainer;Informatiker;Lühmann, Ursula;;@I481@;@I434@;@I480@
1984-06-24;Eschede, Celle, Niedersachsen, Deutschland;;;Schulze;Tobias;m;Schulze, Michael;Landwirt;Stegen, Ursula;;@I468@;@I467@;@I424@
1984-10-08;Celle, Niedersachsen, Deutschland;;;Marwede;Sven;m;Marwede, Rolf;Kfz-Meister;Falkenrath, Ute;;@I12@;@I11@;@I10@
1985-03-14;Hannover, Niedersachsen, Deutschland;1985-06-02;Hannover, Niedersachsen, Deutschland;Falkenrath;Jonas;m;Falkenrath, Bernd;Lehrer;Ilgner, Karin;Martin Hoppe, Bauingenieur, Hannover;@I1@;@I8@;@I9@
1985-06-02;Eschede, Celle, Niedersachsen, Deutschland;;;Wittkopf;Lina;w;Wittkopf, Wolfgang;Handwerksmeister;Soltmann, Petra;;@I484@;@I435@;@I483@
1985-11-20;Uelzen, Niedersachsen, Deutschland;;;Wittkopf;Jan;m;Wittkopf, Rainer;Informatiker;Lühmann, Ursula;;@I482@;@I434@;@I480@
1986-01-11;Bremen, Deutschland;;;Wolniak;Tomasz;m;;;;;@I6@;;
1986-02-15;Celle, Niedersachsen, Deutschland;;;Neumann;Katja;w;;;;;@I90@;;
1986-11-02;Eschede, Celle, Niedersachsen, Deutschland;;;Schulze;Jonas;m;Schulze, Michael;Landwirt;Stegen, Ursula;;@I469@;@I467@;@I424@
1987-06-19;Celle, Niedersachsen, Deutschland;;;Marwede;Anke;w;Marwede, Rolf;Kfz-Meister;Falkenrath, Ute;;@I13@;@I11@;@I10@
1987-07-17;Eschede, Celle, Niedersachsen, Deutschland;;;Wittkopf;Jonas;m;Wittkopf, Wolfgang;Handwerksmeister;Soltmann, Petra;;@I485@;@I435@;@I483@
1987-09-02;Bremen, Deutschland;;;Sandvoss;Mira;w;;;;;@I2@;;
1988-05-03;Milwaukee, Wisconsin, USA;;;Falkenrath;Michael;m;Falkenrath, Robert;Engineer;Miller, Susan;;@I93@;@I27@;@I92@
1988-07-30;Hannover, Niedersachsen, Deutschland;;;Falkenrath;Lena;w;Falkenrath, Bernd;Lehrer;Ilgner, Karin;;@I5@;@I8@;@I9@
1989-04-12;Hannover, Niedersachsen, Deutschland;;;Brammer;Finn;m;Brammer, Peter;Landwirt;Könecke, Ursula;;@I479@;@I432@;@I478@
1989-11-07;Eschede, Celle, Niedersachsen, Deutschland;;;Schulze;Ben;m;Schulze, Michael;Landwirt;Stegen, Ursula;;@I470@;@I467@;@I424@
1990-03-12;Lüneburg, Niedersachsen, Deutschland;;;Ahlers;Florian;m;Ahlers, Dirk;Dachdeckermeister;Ilgner, Renate;;@I88@;@I87@;@I86@
1991-10-19;Milwaukee, Wisconsin, USA;;;Falkenrath;Emily;w;Falkenrath, Robert;Engineer;Miller, Susan;;@I94@;@I27@;@I92@
1993-07-07;Lüneburg, Niedersachsen, Deutschland;;;Ahlers;Julia;w;Ahlers, Dirk;Dachdeckermeister;Ilgner, Renate;;@I89@;@I87@;@I86@
1995-05-23;Lüneburg, Niedersachsen, Deutschland;;;Schnehage;Lea;w;Schnehage, Thomas;Landwirt;Meyer, Petra;;@I487@;@I486@;@I442@
1996-11-26;Hamburg, Deutschland;;;Mohwinkel;Lukas;m;Mohwinkel, Frank;Ingenieur;Gaede, Hanna;;@I491@;@I448@;@I490@
1997-12-14;Lüneburg, Niedersachsen, Deutschland;;;Schnehage;Jonas;m;Schnehage, Thomas;Landwirt;Meyer, Petra;;@I488@;@I486@;@I442@
1998-12-15;Hamburg, Deutschland;;;Mohwinkel;Lea;w;Mohwinkel, Frank;Ingenieur;Gaede, Hanna;;@I492@;@I448@;@I490@
1999-02-11;Lüneburg, Niedersachsen, Deutschland;;;Schnehage;Julia;w;Schnehage, Thomas;Landwirt;Meyer, Petra;;@I489@;@I486@;@I442@
2014-08-28;Celle, Niedersachsen, Deutschland;;;Marwede;Leon;m;Marwede, Sven;;Neumann, Katja;;@I91@;@I12@;@I90@
2017-05-09;Hannover, Niedersachsen, Deutschland;;;Falkenrath;Emil;m;Falkenrath, Jonas;Bauingenieur;Sandvoss, Mira;;@I3@;@I1@;@I2@
2019-04-04;Hannover, Niedersachsen, Deutschland;;;Wolniak;Nele;w;Wolniak, Tomasz;Informatiker;Falkenrath, Lena;;@I7@;@I6@;@I5@
2020-11-23;Hannover, Niedersachsen, Deutschland;;;Falkenrath;Ida;w;Falkenrath, Jonas;Bauingenieur;Sandvoss, Mira;;@I4@;@I1@;@I2@
um 1759;Bad Bevensen, Uelzen, Niedersachsen, Deutschland;;;Garbers;Jacob;m;;;;;@I236@;;
um 1770;Eschede, Celle, Niedersachsen, Deutschland;;;Falkenrath;Hans Jürgen;m;;;;;@I54@;;
um 1798;Eschede, Celle, Niedersachsen, Deutschland;;;Bostelmann;Jürgen Hinrich;m;;;;;@I56@;;
